=== ots-anchor 2026-09-11T06:08:12Z ===
Traceback (most recent call last):
  File "/Users/nicholas/dsh-tmp/coai-master/scripts/badger/atom-root.py", line 53, in <module>
    _spec.loader.exec_module(_ppr)
  File "<frozen importlib._bootstrap_external>", line 850, in exec_module
  File "<frozen importlib._bootstrap>", line 228, in _call_with_frames_removed
  File "/Users/nicholas/dsh-tmp/coai-master/scripts/publish_public_root.py", line 33, in <module>
    from adapters import (  # noqa: E402
  File "/Users/nicholas/dsh-tmp/coai-master/scripts/adapters/evm_permission_events.py", line 46, in <module>
    from . import evm_permissions as ep
  File "/Users/nicholas/dsh-tmp/coai-master/scripts/adapters/evm_permissions.py", line 361, in <module>
    Transport = Callable[[str, list[dict[str, Any]]], list[dict[str, Any]] | None]
TypeError: unsupported operand type(s) for |: 'types.GenericAlias' and 'NoneType'
  atom-root dry-run returned 1
=== ots-anchor 2026-09-11T06:09:22Z ===
allowlisted atoms: 1
candidate merkle root: bd0d92ba17930c139ccde7f6afa1ad7ccec89d6c43ec752320ca6c200ea17bbb
writes: 0; signatures: 0; OTS submissions: 0
  layer0-ceremony-2026-09-03.json.ots: BITCOIN blocks [965268, 965270, 965289, 965333]
  root-02616ae7.json.ots: BITCOIN blocks [965799, 965799, 965812, 965862]
  root-2026-09-02.json.ots: BITCOIN blocks [965121, 965121, 965121, 965152]
  root-24c75eeb.json.ots: BITCOIN blocks [965487, 965487, 965487, 965508]
  root-5850f73b.json.ots: BITCOIN blocks [965595, 965597, 965597, 965613]
  root-728e8c5e.json.ots: BITCOIN blocks [965138, 965138, 965152, 965186]
  root-78f87af3.json.ots: BITCOIN blocks [965784, 965784, 965786, 965812]
  root-8bc1d43a.json.ots: BITCOIN blocks [965931, 965932, 965933, 965974]
  root-8c6a27ea.json.ots: BITCOIN blocks [965617, 965618, 965642, 965689]
  root-9b426735.json.ots: BITCOIN blocks [965508, 965509, 965511, 965548]
  root-a44af078.json.ots: BITCOIN blocks [965487, 965487, 965487, 965508]
  root-abc7e8a5.json.ots: BITCOIN blocks [965633, 965636, 965642, 965689]
  root-b94cacbc.json.ots: BITCOIN blocks [965543, 965544, 965548, 965554]
  root-c64a3024.json.ots: BITCOIN blocks [965794, 965794, 965812, 965862]
  root-cd697444.json.ots: BITCOIN blocks [965595, 965597, 965597, 965613]
  root-e02c41de.json.ots: BITCOIN blocks [965720, 965720, 965751, 965784]
  root-e342c2bc.json.ots: BITCOIN blocks [965566, 965566, 965597, 965613]
  root-f0d8f22f.json.ots: BITCOIN blocks [965476, 965476, 965479, 965479]
  root-f11f09b7.json.ots: BITCOIN blocks [965852, 965856, 965862, 965884]
  root-f3958808.json.ots: BITCOIN blocks [965718, 965720, 965751, 965784]
  root-fe3a9e24.json.ots: BITCOIN blocks [965528, 965532, 965548, 965554]
  012a61feb4e723eb.ots: BITCOIN blocks [965435]
  0167ede8217e3a73.ots: BITCOIN blocks [965435]
  0519101e51ffcc74.ots: BITCOIN blocks [965435]
  05ba08697a9c2fa5.ots: BITCOIN blocks [965435]
  064d0092abdc2f0d.ots: BITCOIN blocks [965435]
  08c2f09537d31d77.ots: BITCOIN blocks [965435]
  0c2481abe5b96268.ots: BITCOIN blocks [965435]
  10da39e52b5840cf.ots: BITCOIN blocks [965435]
  166b8a921e4c5c09.ots: BITCOIN blocks [965435]
  180f25439cbb6575.ots: BITCOIN blocks [965435]
  1caae76597968684.ots: BITCOIN blocks [965435]
  1cf6aa2dccb8bfee.ots: BITCOIN blocks [965435]
  1f9126a2f99eccd1.ots: BITCOIN blocks [965435]
  26acdffdb964c1ef.ots: BITCOIN blocks [965435]
  2ee7f136db0041d5.ots: BITCOIN blocks [965435]
  302fcd6bd8d06b90.ots: BITCOIN blocks [965435]
  31f93dd152b9f0ab.ots: BITCOIN blocks [965435]
  412ca1c1338e86e6.ots: BITCOIN blocks [965435]
  494bdc75ee3add2d.ots: BITCOIN blocks [965435]
  4a40ed2381e0029d.ots: BITCOIN blocks [965435]
  5ac6c53b2d4ff5d4.ots: BITCOIN blocks [965435]
  679ce3f15355ee59.ots: BITCOIN blocks [965435]
  6cdc96f2891f288f.ots: BITCOIN blocks [965435]
  6d01c3dbad4d90b7.ots: BITCOIN blocks [965435]
  80206467bbacabc5.ots: BITCOIN blocks [965435]
  8482f3996d685070.ots: BITCOIN blocks [965435]
  9a76a4e4c58fe89e.ots: BITCOIN blocks [965435]
  a1ab0e1ae06dbc38.ots: BITCOIN blocks [965435]
  a55672b99d062d04.ots: BITCOIN blocks [965435]
  ac8fcdd2c20974f0.ots: BITCOIN blocks [965435]
  afcfd0e48450ed4d.ots: BITCOIN blocks [965435]
  b0766a716e55c6df.ots: BITCOIN blocks [965435]
  b149152d2eee7ced.ots: BITCOIN blocks [965435]
  b360c526fc469fc1.ots: BITCOIN blocks [965435]
  b9d2f86608de20e1.ots: BITCOIN blocks [965435]
  bcbad2d3ab5ed45f.ots: BITCOIN blocks [965435]
  bdba552d8721dae6.ots: BITCOIN blocks [965435]
  c0f6858297eef490.ots: BITCOIN blocks [965435]
  cd7917b14328e57a.ots: BITCOIN blocks [965435]
  d727fd80aa283ee6.ots: BITCOIN blocks [965435]
  d76181cf351c3055.ots: BITCOIN blocks [965435]
  dd50aa32988f42e2.ots: BITCOIN blocks [965435]
  df4c46379ef90a3c.ots: BITCOIN blocks [965435]
  e9b87c6fc4f1c317.ots: BITCOIN blocks [965435]
  efef70bc986f760b.ots: BITCOIN blocks [965435]
  f10f52b059a8aece.ots: BITCOIN blocks [965435]
  f42cc7b6c84ef127.ots: BITCOIN blocks [965435]
  fcc91d471a432c75.ots: BITCOIN blocks [965435]
  fec7605d8997c621.ots: BITCOIN blocks [965435]
  0e47d941cd6d6399.ots: BITCOIN blocks [965435]
  0f6fd8c00490aa8c.ots: BITCOIN blocks [965435]
  128eccd4bf586e91.ots: BITCOIN blocks [965435]
  1448bcbaaa6bc2f8.ots: BITCOIN blocks [965435]
  2158862fcbe1e18f.ots: BITCOIN blocks [965435]
  28b3df3a5df0096a.ots: BITCOIN blocks [965435]
  2e40810b129031d2.ots: BITCOIN blocks [965435]
  31ade601a03870cf.ots: BITCOIN blocks [965435]
  32614196552cfc11.ots: BITCOIN blocks [965435]
  32bf9e7464f3bd85.ots: BITCOIN blocks [965435]
  3a5bb30c46385a85.ots: BITCOIN blocks [965435]
  4066b348ece9d7dd.ots: BITCOIN blocks [965435]
  473d2556b3748aca.ots: BITCOIN blocks [965435]
  4da3a16e286daf6e.ots: BITCOIN blocks [965435]
  53448361efb233d4.ots: BITCOIN blocks [965435]
  58af75f6d3b5360a.ots: BITCOIN blocks [965435]
  59652aa5a31a0682.ots: BITCOIN blocks [965435]
  5d4e2d3c82a1f68e.ots: BITCOIN blocks [965435]
  62209556954dc00f.ots: BITCOIN blocks [965435]
  6e3ffec35a4acee7.ots: BITCOIN blocks [965435]
  6f55f8f869b3cd35.ots: BITCOIN blocks [965435]
  79b329aae754f5fe.ots: BITCOIN blocks [965435]
  8b6cdd4f3e21c5cc.ots: BITCOIN blocks [965435]
  90db2694016c3f3a.ots: BITCOIN blocks [965435]
  91bc36c002e68ad3.ots: BITCOIN blocks [965435]
  9230c363a60e5464.ots: BITCOIN blocks [965435]
  974ea31208563fd6.ots: BITCOIN blocks [965435]
  997194d20e0f8f3a.ots: BITCOIN blocks [965435]
  9a03721892493d61.ots: BITCOIN blocks [965435]
  9ba011da85bb1f8d.ots: BITCOIN blocks [965435]
  9f365f3cf2fc08f5.ots: BITCOIN blocks [965435]
  a22a283286d36cf0.ots: BITCOIN blocks [965435]
  a5990903bec7d1f8.ots: BITCOIN blocks [965435]
  aa5d1fc4b7952b17.ots: BITCOIN blocks [965435]
  ac5a3fa69c292b8e.ots: BITCOIN blocks [965435]
  af4483821ed5b245.ots: BITCOIN blocks [965435]
  bd0a7f21ce34330a.ots: BITCOIN blocks [965435]
  cbb621e4462867eb.ots: BITCOIN blocks [965435]
  cfd8aa6a448fdfa7.ots: BITCOIN blocks [965435]
  d723912112b972f7.ots: BITCOIN blocks [965435]
  d7b0e35b6d9815f8.ots: BITCOIN blocks [965435]
  d903591bcde87a54.ots: BITCOIN blocks [965435]
  e4a662fcdd6f26e8.ots: BITCOIN blocks [965435]
  ea00f2e4ee013072.ots: BITCOIN blocks [965435]
  f50a12dea41ce128.ots: BITCOIN blocks [965435]
  f733fc4946c6a637.ots: BITCOIN blocks [965435]
  f84e865dc989b600.ots: BITCOIN blocks [965435]
  fa10e9ab488619ca.ots: BITCOIN blocks [965435]
  ff64249b877a4f48.ots: BITCOIN blocks [965435]
  0bf4e5b72cbdb77f.ots: BITCOIN blocks [965435]
  0ef5b187adce8db7.ots: BITCOIN blocks [965274, 965276, 965289, 965333]
  0ff9381c9a42e941.ots: BITCOIN blocks [965435]
  177197fc3620f0fb.ots: BITCOIN blocks [965274, 965276, 965289, 965333]
  18a61282ba3ddc79.ots: BITCOIN blocks [965274, 965276, 965289, 965333]
  1a204463d923d806.ots: BITCOIN blocks [965435]
  1dad2880a30b2bb7.ots: BITCOIN blocks [965435]
  1feaa626ffae0377.ots: BITCOIN blocks [965274, 965276, 965289, 965333]
  229e41ea102745ea.ots: BITCOIN blocks [965435]
  24f55e362b2e350c.ots: BITCOIN blocks [965435]
  281434d5247966d5.ots: BITCOIN blocks [965435]
  2d99aba517d367c8.ots: BITCOIN blocks [965435]
  2edea4f292b746a1.ots: BITCOIN blocks [965435]
  30497a67d1433a6a.ots: BITCOIN blocks [965435]
  30b1c5cd3eba566a.ots: BITCOIN blocks [965435]
  3121d4e38b6637db.ots: BITCOIN blocks [965435]
  34f403cb29fe2a25.ots: BITCOIN blocks [965435]
  35d6e338c32ff927.ots: BITCOIN blocks [965435]
  36af9d2a052de0e7.ots: BITCOIN blocks [965435]
  36b79835a5005ec1.ots: BITCOIN blocks [965435]
  3b160c63c134d83a.ots: BITCOIN blocks [965435]
  3ba9ec4da393caad.ots: BITCOIN blocks [965435]
  3cbfb470066fed99.ots: BITCOIN blocks [965274, 965276, 965289, 965333]
  461f3b760ddcde83.ots: BITCOIN blocks [965435]
  485254f62bf21a78.ots: BITCOIN blocks [965435]
  4e3617902c30a83a.ots: BITCOIN blocks [965435]
  523f06786b1c46fd.ots: BITCOIN blocks [965435]
  568a87b65f52d999.ots: BITCOIN blocks [965274, 965276, 965289, 965333]
  6066c00677d2ef66.ots: BITCOIN blocks [965435]
  676a3005b73ea5ba.ots: BITCOIN blocks [965435]
  6d38be2b2a0ca71f.ots: BITCOIN blocks [965435]
  70ea1f91eb6cc602.ots: BITCOIN blocks [965435]
  73ad70950f1aa858.ots: BITCOIN blocks [965435]
  73e83d85392f7d37.ots: BITCOIN blocks [965435]
  73fc54f11f198926.ots: BITCOIN blocks [965435]
  794a60396e3f4918.ots: BITCOIN blocks [965435]
  799336c1356be3ad.ots: BITCOIN blocks [965274, 965276, 965289, 965333]
  7a9b295ccee36048.ots: BITCOIN blocks [965435]
  82d526c2cb8d238b.ots: BITCOIN blocks [965435]
  83004e4ad6ca7606.ots: BITCOIN blocks [965435]
  831f07c495e46d39.ots: BITCOIN blocks [965274, 965276, 965289, 965333]
  8c56be473257762e.ots: BITCOIN blocks [965435]
  8d98ded7c16132ae.ots: BITCOIN blocks [965274, 965276, 965289, 965333]
  915e5c6a420715d5.ots: BITCOIN blocks [965435]
  91fa4f90abc8b120.ots: BITCOIN blocks [965274, 965276, 965289, 965333]
  9b7cfed51994b78f.ots: BITCOIN blocks [965277, 965283, 965289, 965333]
  9f9026379a78461c.ots: BITCOIN blocks [965435]
  a04342d729fcf1f9.ots: BITCOIN blocks [965274, 965276, 965289, 965333]
  a6b63448cbfe52fc.ots: BITCOIN blocks [965435]
  a9af9d9996128fc2.ots: BITCOIN blocks [965435]
  af0eee0acbf483db.ots: BITCOIN blocks [965274, 965276, 965289, 965333]
  affcdaea24be05e4.ots: BITCOIN blocks [965435]
  b32b460d4a50736e.ots: BITCOIN blocks [965277, 965283, 965289, 965333]
  b3f6dd99243baca8.ots: BITCOIN blocks [965435]
  b5adfbe269188023.ots: BITCOIN blocks [965435]
  b6b89ac206986145.ots: BITCOIN blocks [965435]
  b9637257fae57b59.ots: BITCOIN blocks [965435]
  bb0a6346ad8457d1.ots: BITCOIN blocks [965274, 965276, 965289, 965333]
  bfa7ecf51aa9d924.ots: BITCOIN blocks [965435]
  c1b3c223a58c7d92.ots: BITCOIN blocks [965435]
  c4ff025ae2e4dff1.ots: BITCOIN blocks [965274, 965276, 965289, 965333]
  c8aa2156c6fa3d1b.ots: BITCOIN blocks [965435]
  cc3b318e828f1c00.ots: BITCOIN blocks [965435]
  cd8a2daabfe63523.ots: BITCOIN blocks [965277, 965283, 965289, 965333]
  ce2c56a830e8f7e9.ots: BITCOIN blocks [965274, 965276, 965289, 965333]
  d5253344a94323c1.ots: BITCOIN blocks [965435]
  d5a9bb3a801d9499.ots: BITCOIN blocks [965435]
  d8dc7f51f9fa0434.ots: BITCOIN blocks [965435]
  d8faf06494a0a37b.ots: BITCOIN blocks [965435]
  dae6f11d93ccdd33.ots: BITCOIN blocks [965435]
  e825d25492014a78.ots: BITCOIN blocks [965435]
  ee7f5b0ebc94ffff.ots: BITCOIN blocks [965435]
  ee8128d0dd570a89.ots: BITCOIN blocks [965435]
  f2ddc18b0c32b7b4.ots: BITCOIN blocks [965435]
  f53cc25d2d5f4ee3.ots: BITCOIN blocks [965435]
  f70f31e03f35e634.ots: BITCOIN blocks [965274, 965276, 965289, 965333]
  f8f7849567851ea3.ots: BITCOIN blocks [965277, 965283, 965289, 965333]
  fe7e25c6701a42d5.ots: BITCOIN blocks [965435]
  03db5919aff65c2f.ots: BITCOIN blocks [965435]
  04769c21bf6d8649.ots: BITCOIN blocks [965435]
  065c42feeed359cd.ots: BITCOIN blocks [965281, 965281, 965283]
  0b507d6ae049f9bc.ots: BITCOIN blocks [965435]
  0c895cffffa5aad0.ots: BITCOIN blocks [965435]
  1051814f643b57ee.ots: BITCOIN blocks [965435]
  11e5d17ca1d55e52.ots: BITCOIN blocks [965435]
  14310a246c6ae801.ots: BITCOIN blocks [965435]
  148492365ac106b5.ots: BITCOIN blocks [965435]
  14993ed8c1130a74.ots: BITCOIN blocks [965435]
  15286a7a3deadef7.ots: BITCOIN blocks [965435]
  16effea982179660.ots: BITCOIN blocks [965281, 965281, 965283]
  16f9de41a3089a5a.ots: BITCOIN blocks [965435]
  19ec3f0363ba2316.ots: BITCOIN blocks [965277, 965283, 965289, 965333]
  1ab437e6921d2362.ots: BITCOIN blocks [965435]
  1c006c763865f847.ots: BITCOIN blocks [965435]
  1ce8d0f6d4abb7cb.ots: BITCOIN blocks [965435]
  20d6f1a074a910fd.ots: BITCOIN blocks [965435]
  21b4e32410352ed2.ots: BITCOIN blocks [965435]
  22a295ba6a81ec50.ots: BITCOIN blocks [965435]
  23065cc4dfd319bb.ots: BITCOIN blocks [965435]
  242eaf329584cc39.ots: BITCOIN blocks [965435]
  2793212d45de81c0.ots: BITCOIN blocks [965435]
  27ce03853d763057.ots: BITCOIN blocks [965435]
  2a242b49d33bc4ae.ots: BITCOIN blocks [965435]
  2c51096e638a5136.ots: BITCOIN blocks [965274, 965276, 965289, 965333]
  2da38f39559f6c93.ots: BITCOIN blocks [965435]
  2e68385d4bae1e5e.ots: BITCOIN blocks [965435]
  3152ca59781fc5b8.ots: BITCOIN blocks [965435]
  31a4965c3cd7b1fd.ots: BITCOIN blocks [965435]
  34dd3bbba2ddb193.ots: BITCOIN blocks [965435]
  36df41091ca0e226.ots: BITCOIN blocks [965435]
  37300347cbef417b.ots: BITCOIN blocks [965274, 965276, 965289, 965333]
  38a48a731bcf35bb.ots: BITCOIN blocks [965435]
  3a1339c6b4c2e89e.ots: BITCOIN blocks [965274, 965276, 965289, 965333]
  3a73a346d11c3f89.ots: BITCOIN blocks [965435]
  3ab347ddca26742c.ots: BITCOIN blocks [965435]
  3be87ec149777091.ots: BITCOIN blocks [965435]
  3d63b8d1857e6b6a.ots: BITCOIN blocks [965435]
  3f88142ee2ceb2a5.ots: BITCOIN blocks [965274, 965276, 965289, 965333]
  4004bafac1a9eda6.ots: BITCOIN blocks [965435]
  40e7e132e46d0b6b.ots: BITCOIN blocks [965435]
  4cc2e67aa8df7c3f.ots: BITCOIN blocks [965435]
  4d4599e4d33fe41e.ots: BITCOIN blocks [965435]
  4d51a86b9b02d4e8.ots: BITCOIN blocks [965435]
  4e361d74f53c542c.ots: BITCOIN blocks [965277, 965283, 965289, 965333]
  4ef2578c9935c7ce.ots: BITCOIN blocks [965274, 965276, 965289, 965333]
  4f3f1da7e1fb6474.ots: BITCOIN blocks [965435]
  503096df02b974f1.ots: BITCOIN blocks [965435]
  504bee3ca1e32f02.ots: BITCOIN blocks [965435]
  508dbaf606c79860.ots: BITCOIN blocks [965274, 965276, 965289, 965333]
  50f7e8e05ac7aba9.ots: BITCOIN blocks [965435]
  52e65851b1ca085c.ots: BITCOIN blocks [965435]
  5405b99e59df79aa.ots: BITCOIN blocks [965435]
  543152fecb711eb5.ots: BITCOIN blocks [965435]
  569ae3ed9e335873.ots: BITCOIN blocks [965435]
  56f6cdd12dbde690.ots: BITCOIN blocks [965274, 965276, 965289, 965333]
  57d806e9a2bd1669.ots: BITCOIN blocks [965435]
  59b01e58cd6d3ad8.ots: BITCOIN blocks [965274, 965276, 965289, 965333]
  5acd714df25cc242.ots: BITCOIN blocks [965435]
  5adabde0f8ca6209.ots: BITCOIN blocks [965277, 965283, 965289, 965333]
  5b4f4c84d84d7ad4.ots: BITCOIN blocks [965435]
  5b6f808a691b279d.ots: BITCOIN blocks [965435]
  5f347a3c651e4234.ots: BITCOIN blocks [965435]
  60cfd01ad2861bbb.ots: BITCOIN blocks [965435]
  60df6328d9f353d0.ots: BITCOIN blocks [965435]
  6202eb22e9105120.ots: BITCOIN blocks [965277, 965283, 965289, 965333]
  6260088add32352f.ots: BITCOIN blocks [965274, 965276, 965289, 965333]
  642f42de384336fc.ots: BITCOIN blocks [965435]
  646c866846781f30.ots: BITCOIN blocks [965435]
  64e3b78083819e31.ots: BITCOIN blocks [965435]
  6709b8e5b9862a88.ots: BITCOIN blocks [965277, 965283, 965289, 965333]
  6717a9ba559dd3ab.ots: BITCOIN blocks [965281, 965281, 965283]
  691373c0b4c41fbe.ots: BITCOIN blocks [965435]
  6a1736c560aa7227.ots: BITCOIN blocks [965435]
  6cc860326f83fa9a.ots: BITCOIN blocks [965274, 965276, 965289, 965333]
  6d03b18ac9dd77c2.ots: BITCOIN blocks [965435]
  6d768d2854cbc8a1.ots: BITCOIN blocks [965435]
  6d96c0cc54a5a2f6.ots: BITCOIN blocks [965435]
  6ec1a2e6a584a647.ots: BITCOIN blocks [965435]
  702ff89bd2cab656.ots: BITCOIN blocks [965435]
  73395040b4562387.ots: BITCOIN blocks [965435]
  7cbf578ad7c782c7.ots: BITCOIN blocks [965274, 965276, 965289, 965333]
  7d976eabe78cd3c1.ots: BITCOIN blocks [965435]
  7dfb7b471f3c3661.ots: BITCOIN blocks [965435]
  808154e206b29bee.ots: BITCOIN blocks [965435]
  821c3f63e4a1bcdc.ots: BITCOIN blocks [965435]
  82b448ff27cb4654.ots: BITCOIN blocks [965274, 965276, 965289, 965333]
  82e005f130e3599a.ots: BITCOIN blocks [965435]
  82fcb621eabda1a5.ots: BITCOIN blocks [965435]
  84a087a5e595c501.ots: BITCOIN blocks [965435]
  878b390d231edebe.ots: BITCOIN blocks [965435]
  8812971f723030a0.ots: BITCOIN blocks [965435]
  898d0246d67b5dbb.ots: BITCOIN blocks [965435]
  89e7dc2a345a3990.ots: BITCOIN blocks [965435]
  8aa2fca1d4f82fec.ots: BITCOIN blocks [965435]
  8dde34f6f9a73eb4.ots: BITCOIN blocks [965435]
  90065a253871f551.ots: BITCOIN blocks [965435]
  910cc6812ac1e73c.ots: BITCOIN blocks [965435]
  929fb58d6c326461.ots: BITCOIN blocks [965435]
  93cc96d337f4c0fb.ots: BITCOIN blocks [965435]
  9418405517f9f6dd.ots: BITCOIN blocks [965277, 965283, 965289, 965333]
  94ae9bb49702c292.ots: BITCOIN blocks [965435]
  96db24ddfd3b3922.ots: BITCOIN blocks [965435]
  9c501b8a58024036.ots: BITCOIN blocks [965435]
  9ced0b65a2f8b7e2.ots: BITCOIN blocks [965435]
  9e7809f99481f55f.ots: BITCOIN blocks [965435]
  9ef10989c851b4c1.ots: BITCOIN blocks [965435]
  a0380e6c5787dc7d.ots: BITCOIN blocks [965277, 965283, 965289, 965333]
  a0797ca1a84a7e04.ots: BITCOIN blocks [965435]
  a28f25ea9937326d.ots: BITCOIN blocks [965277, 965283, 965289, 965333]
  a29c19d3bb06d4a1.ots: BITCOIN blocks [965435]
  a2a3a03873fb5f46.ots: BITCOIN blocks [965435]
  a41adf3ea41fe296.ots: BITCOIN blocks [965277, 965283, 965289, 965333]
  a48b5a431b6ca916.ots: BITCOIN blocks [965277, 965283, 965289, 965333]
  a597bdb1ca3478e5.ots: BITCOIN blocks [965435]
  a8bdba4137cd4f9a.ots: BITCOIN blocks [965435]
  ab5ed9ec91e97bdc.ots: BITCOIN blocks [965435]
  ad2b54b5bcfa6312.ots: BITCOIN blocks [965435]
  aeadac3c21b64cd4.ots: BITCOIN blocks [965435]
  b02c50cb3ece8369.ots: BITCOIN blocks [965435]
  b03d21486a5dd3f0.ots: BITCOIN blocks [965435]
  b0c921e2ab75637f.ots: BITCOIN blocks [965274, 965276, 965289, 965333]
  b1363f0b6dd078b6.ots: BITCOIN blocks [965277, 965283, 965289, 965333]
  b1787ed0053ff946.ots: BITCOIN blocks [965435]
  b19d267bf9087b2a.ots: BITCOIN blocks [965435]
  b5a6c03489f958fe.ots: BITCOIN blocks [965281, 965281, 965283]
  b8e5e71957b6e206.ots: BITCOIN blocks [965435]
  b95d1464905e75f9.ots: BITCOIN blocks [965274, 965276, 965289, 965333]
  b9de10c5eb47e0c9.ots: BITCOIN blocks [965277, 965283, 965289, 965333]
  b9e7f35e2cb88379.ots: BITCOIN blocks [965435]
  bb534aa8f09b034d.ots: BITCOIN blocks [965435]
  bce8f967b8e43faa.ots: BITCOIN blocks [965274, 965276, 965289, 965333]
  be3ceea289ad7c8c.ots: BITCOIN blocks [965435]
  bf3430cc0535272d.ots: BITCOIN blocks [965435]
  c0dbb49fb10dcbd3.ots: BITCOIN blocks [965435]
  c2cd0691d374a663.ots: BITCOIN blocks [965435]
  c5a1624c08c9497e.ots: BITCOIN blocks [965435]
  c80f02b95d3563e7.ots: BITCOIN blocks [965435]
  c9f5146d97eb311d.ots: BITCOIN blocks [965274, 965276, 965289, 965333]
  cceff741d3b92dd8.ots: BITCOIN blocks [965274, 965276, 965289, 965333]
  ccf948e552f17033.ots: BITCOIN blocks [965435]
  ceacab2464253483.ots: BITCOIN blocks [965435]
  cf3238b34452006e.ots: BITCOIN blocks [965435]
  cfe886813baea695.ots: BITCOIN blocks [965435]
  d21a1f633340c3e8.ots: BITCOIN blocks [965435]
  d5a2e54e645ef6c1.ots: BITCOIN blocks [965435]
  d68b43a28d464464.ots: BITCOIN blocks [965435]
  d695cbc449e755f2.ots: BITCOIN blocks [965274, 965276, 965289, 965333]
  d90deea24d953637.ots: BITCOIN blocks [965435]
  da68387d0b159544.ots: BITCOIN blocks [965435]
  db749c7299ab8796.ots: BITCOIN blocks [965435]
  de720958ce4fdef5.ots: BITCOIN blocks [965274, 965276, 965289, 965333]
  decad04a06d4a700.ots: BITCOIN blocks [965435]
  e2c7b3803d98e778.ots: BITCOIN blocks [965435]
  e6a82f2836a940f2.ots: BITCOIN blocks [965435]
  e6e4f39ee4b2d56f.ots: BITCOIN blocks [965435]
  e74885d0ac56fabb.ots: BITCOIN blocks [965435]
  eaa06dfd489d5426.ots: BITCOIN blocks [965435]
  ec38d911cfc14726.ots: BITCOIN blocks [965435]
  ec5e8a807cc1a9b1.ots: BITCOIN blocks [965435]
  ecd279f4a581a0bf.ots: BITCOIN blocks [965274, 965276, 965289, 965333]
  f015776e251a93fb.ots: BITCOIN blocks [965435]
  f01b6b3f780c145c.ots: BITCOIN blocks [965435]
  f0e71a0c2ad1baf1.ots: BITCOIN blocks [965435]
  f14bbd8e68a48e91.ots: BITCOIN blocks [965435]
  f18551bf84096c78.ots: BITCOIN blocks [965435]
  f1a204b887fa0ac8.ots: BITCOIN blocks [965435]
  f4605d972a2dbff4.ots: BITCOIN blocks [965435]
  f47a62658e70ce26.ots: BITCOIN blocks [965435]
  f668b6a0228193d7.ots: BITCOIN blocks [965435]
  f73ffb194e492769.ots: BITCOIN blocks [965435]
  f7491caea1d5ba4e.ots: BITCOIN blocks [965435]
  f911debbd01c85e1.ots: BITCOIN blocks [965435]
  f9c1d4019f58625d.ots: BITCOIN blocks [965435]
  faa3ab657c3b2be9.ots: BITCOIN blocks [965435]
  fbce1ef5bf7759ef.ots: BITCOIN blocks [965435]
  fcbc6268c527bbcf.ots: BITCOIN blocks [965435]
  fe6f3c59d277a585.ots: BITCOIN blocks [965435]
  ffc257f2235c5115.ots: BITCOIN blocks [965435]
  0013c2a4519a4ed4.ots: BITCOIN blocks [965439]
  022299abaeab1f9c.ots: BITCOIN blocks [965439]
  0244b00409e2e973.ots: BITCOIN blocks [965439]
  034f0f408212e40e.ots: BITCOIN blocks [965276, 965276, 965289, 965333]
  03554a03e8b97d63.ots: BITCOIN blocks [965276, 965276, 965289, 965333]
  03f599f6d57a4648.ots: BITCOIN blocks [965435]
  0545808b5aeb536e.ots: BITCOIN blocks [965435]
  093058e33d259777.ots: BITCOIN blocks [965276, 965276, 965289, 965333]
  0990c621f0f9b3d3.ots: BITCOIN blocks [965439]
  0cf018ac8cd0a18a.ots: BITCOIN blocks [965435]
  0dd70a41ead2e660.ots: BITCOIN blocks [965439]
  0ed8bf164fcd16f0.ots: BITCOIN blocks [965435]
  123d7f5b44b651bf.ots: BITCOIN blocks [965435]
  12b3cf889fa7705d.ots: BITCOIN blocks [965439]
  12c71c39904f5836.ots: BITCOIN blocks [965439]
  134540eef319fbca.ots: BITCOIN blocks [965276, 965276, 965289, 965333]
  14343768c1c34d39.ots: BITCOIN blocks [965439]
  15f64a676dee6777.ots: BITCOIN blocks [965435]
  183e497610f83908.ots: BITCOIN blocks [965439]
  1b5f693fd02c714d.ots: BITCOIN blocks [965439]
  1c3fae0c2e9a7499.ots: BITCOIN blocks [965276, 965276, 965289, 965333]
  1d2deca78116834e.ots: BITCOIN blocks [965435]
  203247e85bd8a000.ots: BITCOIN blocks [965435]
  206b372d0fd8094a.ots: BITCOIN blocks [965439]
  21b48d0082a8f56a.ots: BITCOIN blocks [965276, 965276, 965289, 965333]
  2793a0fa1a8b74c7.ots: BITCOIN blocks [965439]
  29f975479a4bde75.ots: BITCOIN blocks [965276, 965276, 965289, 965333]
  2b03182e7c0f5027.ots: BITCOIN blocks [965439]
  2e8b08587e8f1295.ots: BITCOIN blocks [965439]
  2f42f565d5c6399c.ots: BITCOIN blocks [965276, 965276, 965289, 965333]
  2f8fa05446b2b900.ots: BITCOIN blocks [965439]
  304a8664fa210ad9.ots: BITCOIN blocks [965439]
  309932e31ec81bf1.ots: BITCOIN blocks [965435]
  30e0511fe62ce11e.ots: BITCOIN blocks [965435]
  34773840c6c4d91a.ots: BITCOIN blocks [965276, 965276, 965289, 965333]
  367a867a94580934.ots: BITCOIN blocks [965435]
  371f0971298a1b49.ots: BITCOIN blocks [965435]
  38071dc1cb587c1b.ots: BITCOIN blocks [965439]
  385a640745522aeb.ots: BITCOIN blocks [965439]
  38b10c22f52e8b35.ots: BITCOIN blocks [965276, 965276, 965289, 965333]
  39c74ba9b1ea8eb5.ots: BITCOIN blocks [965435]
  3a3d785bfd5d94ae.ots: BITCOIN blocks [965435]
  3a5e54d132fe325e.ots: BITCOIN blocks [965439]
  3b60f5878b2fe18f.ots: BITCOIN blocks [965276, 965276, 965289, 965333]
  3e4886b0d28ed88f.ots: BITCOIN blocks [965439]
  3e4b43a0c1669ba4.ots: BITCOIN blocks [965276, 965276, 965289, 965333]
  3ea42960d98b63dd.ots: BITCOIN blocks [965276, 965276, 965289, 965333]
  3ede44a93f005111.ots: BITCOIN blocks [965439]
  3f6cef5beb6e476f.ots: BITCOIN blocks [965435]
  3fba6722ae9b3ddc.ots: BITCOIN blocks [965435]
  40b1b28976e1abf7.ots: BITCOIN blocks [965439]
  418da00c7a0a06c5.ots: BITCOIN blocks [965276, 965276, 965289, 965333]
  43cf701e2b90f70d.ots: BITCOIN blocks [965435]
  4821c3a0ed50da95.ots: BITCOIN blocks [965276, 965276, 965289, 965333]
  48430c24b82c583f.ots: BITCOIN blocks [965439]
  498a2c66b46bdfb6.ots: BITCOIN blocks [965435]
  500398c7c995e7fb.ots: BITCOIN blocks [965276, 965276, 965289, 965333]
  500c4d1affd49813.ots: BITCOIN blocks [965439]
  511db3dbd533e064.ots: BITCOIN blocks [965439]
  512bf6fb76652f87.ots: BITCOIN blocks [965439]
  514464f471d2bd0e.ots: BITCOIN blocks [965439]
  520a85dfa719d86c.ots: BITCOIN blocks [965276, 965276, 965289, 965333]
  539c8664bcccdf90.ots: BITCOIN blocks [965435]
  5913053a4c119049.ots: BITCOIN blocks [965439]
  5a08d3185c03e35e.ots: BITCOIN blocks [965439]
  5b53914a3da66306.ots: BITCOIN blocks [965435]
  5db1e3ed034bff2f.ots: BITCOIN blocks [965439]
  5f5f423c3da2fcce.ots: BITCOIN blocks [965439]
  61aa4d373846e37d.ots: BITCOIN blocks [965435]
  61b6147c7ee164fd.ots: BITCOIN blocks [965274, 965276, 965289, 965333]
  61cfe8e516d844f1.ots: BITCOIN blocks [965439]
  62c73284c1b1701b.ots: BITCOIN blocks [965439]
  6311195e1f3aab5e.ots: BITCOIN blocks [965276, 965276, 965289, 965333]
  631448e2c678cca1.ots: BITCOIN blocks [965439]
  636dc233ff5be0f4.ots: BITCOIN blocks [965439]
  63e636914407dd66.ots: BITCOIN blocks [965435]
  645aa148cfcabbf9.ots: BITCOIN blocks [965435]
  6894c58b570c0624.ots: BITCOIN blocks [965439]
  6944a73451d03121.ots: BITCOIN blocks [965439]
  6d726f271164ccba.ots: BITCOIN blocks [965276, 965276, 965289, 965333]
  6e00d0a7436271fa.ots: BITCOIN blocks [965276, 965276, 965289, 965333]
  6e5c16b2886c6756.ots: BITCOIN blocks [965276, 965276, 965289, 965333]
  7c3adeb0be72cf91.ots: BITCOIN blocks [965276, 965276, 965289, 965333]
  827ee61b8bb466ec.ots: BITCOIN blocks [965274, 965276, 965289, 965333]
  831efedf7a590418.ots: BITCOIN blocks [965439]
  83d1f1324aea6161.ots: BITCOIN blocks [965439]
  843cae6ad72871d0.ots: BITCOIN blocks [965439]
  85e7aefbb5e656f1.ots: BITCOIN blocks [965439]
  88c4b9bb74a79be7.ots: BITCOIN blocks [965276, 965276, 965289, 965333]
  8b16d22063cd8fd7.ots: BITCOIN blocks [965439]
  8d136fd993090a13.ots: BITCOIN blocks [965274, 965276, 965289, 965333]
  8d7e423e3df3e565.ots: BITCOIN blocks [965439]
  8dbee5055d336d1d.ots: BITCOIN blocks [965439]
  91a455c23acd43a5.ots: BITCOIN blocks [965439]
  91f7e0434c0ec470.ots: BITCOIN blocks [965439]
  92f1f32d3f92cc3e.ots: BITCOIN blocks [965276, 965276, 965289, 965333]
  93dfde9c10dc3659.ots: BITCOIN blocks [965439]
  93ff7dca5403ef54.ots: BITCOIN blocks [965435]
  942bcbacf6e3928e.ots: BITCOIN blocks [965439]
  946ebc9cab8d90ae.ots: BITCOIN blocks [965274, 965276, 965289, 965333]
  9a7c361de49c90d4.ots: BITCOIN blocks [965439]
  9b72672c30286d2a.ots: BITCOIN blocks [965276, 965276, 965289, 965333]
  9c252eda589e4616.ots: BITCOIN blocks [965276, 965276, 965289, 965333]
  9d10f849ffaf7e00.ots: BITCOIN blocks [965439]
  a0e93e6c7a0251d1.ots: BITCOIN blocks [965435]
  a4c5d53737fdca15.ots: BITCOIN blocks [965439]
  a627c3eb4a56feb4.ots: BITCOIN blocks [965435]
  a8b497fc3c62f674.ots: BITCOIN blocks [965435]
  a9f8ba357bd66619.ots: BITCOIN blocks [965439]
  ab32e7927cd58f06.ots: BITCOIN blocks [965439]
  ad7f9b56c45379bb.ots: BITCOIN blocks [965435]
  ae9932affcb32e7c.ots: BITCOIN blocks [965439]
  ae99e2ec3a0f03ac.ots: BITCOIN blocks [965276, 965276, 965289, 965333]
  afa28c50e59f298a.ots: BITCOIN blocks [965439]
  afc6f4da004a07eb.ots: BITCOIN blocks [965439]
  b025228837fc2d4a.ots: BITCOIN blocks [965439]
  b1ab869e138831fe.ots: BITCOIN blocks [965435]
  b2a266e9d1ece983.ots: BITCOIN blocks [965435]
  b3ea5af975ec8f26.ots: BITCOIN blocks [965439]
  b4ae7916a6f1db62.ots: BITCOIN blocks [965439]
  b4fff72cf5207366.ots: BITCOIN blocks [965439]
  b51d8f3eb94ca808.ots: BITCOIN blocks [965435]
  b8149ba4b8c7b392.ots: BITCOIN blocks [965276, 965276, 965289, 965333]
  b87231f17f2a6112.ots: BITCOIN blocks [965439]
  b8b2100017f6e79c.ots: BITCOIN blocks [965435]
  b986ff42bfa860cb.ots: BITCOIN blocks [965276, 965276, 965289, 965333]
  c54a5ce921667473.ots: BITCOIN blocks [965435]
  c6b9ee8da35971f1.ots: BITCOIN blocks [965435]
  c7a2786f7ee04a4c.ots: BITCOIN blocks [965439]
  c7ac90ea14b16763.ots: BITCOIN blocks [965276, 965276, 965289, 965333]
  c7d9cd24a26d6757.ots: BITCOIN blocks [965435]
  c8147927f1eada15.ots: BITCOIN blocks [965435]
  ca65093087dc7c9e.ots: BITCOIN blocks [965435]
  cc82ed2beb27541f.ots: BITCOIN blocks [965276, 965276, 965289, 965333]
  ccde91730539bfde.ots: BITCOIN blocks [965439]
  cd7addc8e3206f01.ots: BITCOIN blocks [965439]
  cdbad9fe3c660dd6.ots: BITCOIN blocks [965276, 965276, 965289, 965333]
  ce85f473df125283.ots: BITCOIN blocks [965435]
  d0f1dca4d0d892c0.ots: BITCOIN blocks [965276, 965276, 965289, 965333]
  d258a11ac22e0720.ots: BITCOIN blocks [965439]
  d3aaf4745efdddea.ots: BITCOIN blocks [965276, 965276, 965289, 965333]
  d5144155642fb5c5.ots: BITCOIN blocks [965439]
  d628ce62adff3f1c.ots: BITCOIN blocks [965276, 965276, 965289, 965333]
  d6a999f43fdad12d.ots: BITCOIN blocks [965439]
  d71962a05790946c.ots: BITCOIN blocks [965439]
  d7790c412bb8af9f.ots: BITCOIN blocks [965435]
  d7e8b1811a377439.ots: BITCOIN blocks [965435]
  da61541048a1f049.ots: BITCOIN blocks [965435]
  dbe95f159816f589.ots: BITCOIN blocks [965435]
  dbfb2cc325128934.ots: BITCOIN blocks [965439]
  dc437a1ddf4cf629.ots: BITCOIN blocks [965439]
  dd39173ae78c6fd7.ots: BITCOIN blocks [965276, 965276, 965289, 965333]
  df09e8503586889a.ots: BITCOIN blocks [965276, 965276, 965289, 965333]
  df0a142bbabe0fe9.ots: BITCOIN blocks [965276, 965276, 965289, 965333]
  df47143955b4da7d.ots: BITCOIN blocks [965439]
  e0477c85ee851a68.ots: BITCOIN blocks [965439]
  e09a15808345e477.ots: BITCOIN blocks [965276, 965276, 965289, 965333]
  e35a1228182e14e1.ots: BITCOIN blocks [965435]
  e4907407e2ee8b5e.ots: BITCOIN blocks [965435]
  e5f216b317ea695f.ots: BITCOIN blocks [965276, 965276, 965289, 965333]
  e658ee9e8ff5275f.ots: BITCOIN blocks [965439]
  e68aa523efb9a987.ots: BITCOIN blocks [965435]
  e794305ecc091773.ots: BITCOIN blocks [965276, 965276, 965289, 965333]
  e96b6325e31c3387.ots: BITCOIN blocks [965276, 965276, 965289, 965333]
  ec889634603d19dd.ots: BITCOIN blocks [965435]
  eec66aea617ad0d1.ots: BITCOIN blocks [965439]
  ef257c72ea617c1a.ots: BITCOIN blocks [965439]
  f2c933c6936455b1.ots: BITCOIN blocks [965276, 965276, 965289, 965333]
  f31f5e8742f4a97e.ots: BITCOIN blocks [965435]
  f37f18c549593c1a.ots: BITCOIN blocks [965435]
  f4704814f88bea23.ots: BITCOIN blocks [965439]
  f4ac8e0c0e5bce31.ots: BITCOIN blocks [965276, 965276, 965289, 965333]
  f66bfc455fffd4cb.ots: BITCOIN blocks [965439]
  f84a834596ed710b.ots: BITCOIN blocks [965435]
  f8f9bf87f3c1bb75.ots: BITCOIN blocks [965439]
  f947c7528db5fd42.ots: BITCOIN blocks [965276, 965276, 965289, 965333]
  f9cbcfaa91231b0b.ots: BITCOIN blocks [965276, 965276, 965289, 965333]
  fab8c600320d98fb.ots: BITCOIN blocks [965276, 965276, 965289, 965333]
  fc3606815c2e3941.ots: BITCOIN blocks [965439]
  fd9fa2cc15d50a95.ots: BITCOIN blocks [965435]
  fe2981b00fa4c485.ots: BITCOIN blocks [965435]
  fed8b11d4ebc92dd.ots: BITCOIN blocks [965276, 965276, 965289, 965333]
  01e54dfdfc574ef9.ots: BITCOIN blocks [965282, 965282, 965283]
  02502e4543a4eb69.ots: BITCOIN blocks [965281, 965281, 965283]
  029ce749f8dabcfe.ots: BITCOIN blocks [965286, 965286, 965289]
  045f4aaf6cb48c83.ots: BITCOIN blocks [965282, 965282, 965283]
  05363b09bea945dd.ots: BITCOIN blocks [965281, 965281, 965283]
  055571ec83e50748.ots: BITCOIN blocks [965282, 965282, 965283]
  0639162ff3b8ce04.ots: BITCOIN blocks [965439]
  0725cd4c4e6c9562.ots: BITCOIN blocks [965286, 965286, 965289]
  07269327806d620f.ots: BITCOIN blocks [965282, 965282, 965283]
  08547622ca347a7e.ots: BITCOIN blocks [965286, 965286, 965289]
  09ba5a9e0f1cd938.ots: BITCOIN blocks [965282, 965282, 965283]
  0a8a925bf17ce440.ots: BITCOIN blocks [965282, 965282, 965283]
  0ac88a6304ff703b.ots: BITCOIN blocks [965286, 965286, 965289]
  0b551082704b446b.ots: BITCOIN blocks [965282, 965282, 965283]
  0b5dcbdf2103ff7d.ots: BITCOIN blocks [965282, 965282, 965283]
  0b62c99da82f1de2.ots: BITCOIN blocks [965286, 965286, 965289]
  0b887ff79c4354be.ots: BITCOIN blocks [965286, 965286, 965289]
  0c8f328426d36b13.ots: BITCOIN blocks [965286, 965286, 965289]
  0c9674f8315d102e.ots: BITCOIN blocks [965281, 965281, 965283]
  0cde1987ed71df98.ots: BITCOIN blocks [965439]
  0d142aafe4270a39.ots: BITCOIN blocks [965281, 965281, 965283]
  0d3271d71e0d501f.ots: BITCOIN blocks [965286, 965286, 965289]
  0d9bcc1630bce218.ots: BITCOIN blocks [965284, 965284, 965289]
  0ef60949a1f5e408.ots: BITCOIN blocks [965282, 965282, 965283]
  0f35f79777440468.ots: BITCOIN blocks [965439]
  0f803f59fc0e7649.ots: BITCOIN blocks [965282, 965282, 965283]
  0f9d2a05cff6657f.ots: BITCOIN blocks [965281, 965281, 965283]
  1011daf1ab5aa145.ots: BITCOIN blocks [965286, 965286, 965289]
  105f0d7a8a82b4d0.ots: BITCOIN blocks [965439]
  1085ed6d7f787127.ots: BITCOIN blocks [965282, 965282, 965283]
  10b6b54f80bdfece.ots: BITCOIN blocks [965282, 965282, 965283]
  10fc87f4e73ae308.ots: BITCOIN blocks [965282, 965282, 965283]
  119d8e288d140bdb.ots: BITCOIN blocks [965282, 965282, 965283]
  119f772be9c65a7e.ots: BITCOIN blocks [965286, 965286, 965289]
  11ca515abde6fa6b.ots: BITCOIN blocks [965281, 965281, 965283]
  123c3191148e5a87.ots: BITCOIN blocks [965283, 965284, 965284]
  1248c3e5ca1905c9.ots: BITCOIN blocks [965284, 965284, 965289]
  1299438581fbd0b9.ots: BITCOIN blocks [965439]
  129c6c5cf45fe3f6.ots: BITCOIN blocks [965286, 965286, 965289]
  13798924af829e69.ots: BITCOIN blocks [965286, 965286, 965289]
  139ff986a2ea8502.ots: BITCOIN blocks [965281, 965281, 965283]
  13f11fc0843e7b62.ots: BITCOIN blocks [965281, 965281, 965283]
  143ff89437a269ce.ots: BITCOIN blocks [965286, 965286, 965289]
  14d4c1440688a6f1.ots: BITCOIN blocks [965282, 965282, 965283]
  159b6855d03434fa.ots: BITCOIN blocks [965284, 965286, 965289]
  15d6111cd14440fe.ots: BITCOIN blocks [965439]
  1645fac4e1c36320.ots: BITCOIN blocks [965439]
  16a0f54f9e9f5318.ots: BITCOIN blocks [965439]
  1752d567625429eb.ots: BITCOIN blocks [965284, 965284, 965289]
  19b9c20668be2667.ots: BITCOIN blocks [965286, 965286, 965289]
  19d71d2dcb639137.ots: BITCOIN blocks [965286, 965286, 965289]
  1a35df6e29545d0f.ots: BITCOIN blocks [965281, 965281, 965283]
  1ac60aafeb0cb924.ots: BITCOIN blocks [965282, 965282, 965283]
  1b68d0feb9aad856.ots: BITCOIN blocks [965286, 965286, 965289]
  1b698c28602b515e.ots: BITCOIN blocks [965281, 965281, 965283]
  1bad61032d4f15dd.ots: BITCOIN blocks [965281, 965281, 965283]
  1be1b99f4fdd7227.ots: BITCOIN blocks [965286, 965286, 965289]
  1c358215d0aca814.ots: BITCOIN blocks [965286, 965286, 965289]
  1c37e66c52e9d655.ots: BITCOIN blocks [965286, 965286, 965289]
  1dcd1bc59e2992f6.ots: BITCOIN blocks [965439]
  1fa4b67ab6c0f517.ots: BITCOIN blocks [965282, 965282, 965283]
  1fced8c32cb0d12c.ots: BITCOIN blocks [965282, 965282, 965283]
  2003621016c691f6.ots: BITCOIN blocks [965282, 965282, 965283]
  207fda2332c752f3.ots: BITCOIN blocks [965286, 965286, 965289]
  210d8a16459c4a45.ots: BITCOIN blocks [965281, 965281, 965283]
  21f06376437c7baf.ots: BITCOIN blocks [965282, 965282, 965283]
  234cc1913783a0e6.ots: BITCOIN blocks [965439]
  241db9e79eca7592.ots: BITCOIN blocks [965282, 965282, 965283]
  2513c7e1cfffc1a0.ots: BITCOIN blocks [965286, 965286, 965289]
  251f593801985cc8.ots: BITCOIN blocks [965282, 965282, 965283]
  26fbe996986a0796.ots: BITCOIN blocks [965282, 965282, 965283]
  270fd02baca95fff.ots: BITCOIN blocks [965439]
  276b1e7194406b82.ots: BITCOIN blocks [965282, 965282, 965283]
  2850e3f1c818e76f.ots: BITCOIN blocks [965284, 965284, 965289]
  288eda342234e0c9.ots: BITCOIN blocks [965282, 965282, 965283]
  29232b65a26388d9.ots: BITCOIN blocks [965281, 965281, 965283]
  29814e427a706477.ots: BITCOIN blocks [965286, 965286, 965289]
  29a70004b4e87b90.ots: BITCOIN blocks [965282, 965282, 965283]
  2a0f4b57d2d17962.ots: BITCOIN blocks [965439]
  2a1a4fb9317448e6.ots: BITCOIN blocks [965286, 965286, 965289]
  2a4d457f1fd98243.ots: BITCOIN blocks [965282, 965282, 965283]
  2c2226e1239e1dac.ots: BITCOIN blocks [965286, 965286, 965289]
  2c530d507a65934d.ots: BITCOIN blocks [965286, 965286, 965289]
  2c8a408d24bf6019.ots: BITCOIN blocks [965286, 965286, 965289]
  2c92afbcb13747d4.ots: BITCOIN blocks [965286, 965286, 965289]
  2d08fee9566105f0.ots: BITCOIN blocks [965282, 965282, 965283]
  2d3d7e1da7744051.ots: BITCOIN blocks [965282, 965282, 965283]
  2d64f3d3ef467e04.ots: BITCOIN blocks [965281, 965281, 965283]
  2de9d57984737d85.ots: BITCOIN blocks [965281, 965281, 965283]
  2ee4cc6025bcbca4.ots: BITCOIN blocks [965283, 965284, 965284]
  2eeefc1738b40576.ots: BITCOIN blocks [965282, 965282, 965283]
  2f3a79b4b6695d98.ots: BITCOIN blocks [965286, 965286, 965289]
  2f6183d83fad0b41.ots: BITCOIN blocks [965439]
  2f922ec788927260.ots: BITCOIN blocks [965282, 965282, 965283]
  2fd00ee13d999f5c.ots: BITCOIN blocks [965283, 965284, 965284]
  3102d7ecabae6322.ots: BITCOIN blocks [965286, 965286, 965289]
  31453d419cef31d4.ots: BITCOIN blocks [965439]
  318e019d25079532.ots: BITCOIN blocks [965286, 965286, 965289]
  3193483f89b4a678.ots: BITCOIN blocks [965439]
  32383ad64fedb694.ots: BITCOIN blocks [965283, 965284, 965284]
  3263d99683071281.ots: BITCOIN blocks [965281, 965281, 965283]
  3279b35b32531b85.ots: BITCOIN blocks [965282, 965282, 965283]
  32d2282eddf79a25.ots: BITCOIN blocks [965439]
  33def81a0831af45.ots: BITCOIN blocks [965286, 965286, 965289]
  33eeff708f76b856.ots: BITCOIN blocks [965282, 965282, 965283]
  34d3e90db5202fe5.ots: BITCOIN blocks [965439]
  35acdbdce631d303.ots: BITCOIN blocks [965282, 965282, 965283]
  35d3ff7d4a3fbd6d.ots: BITCOIN blocks [965439]
  367641d3a9047f35.ots: BITCOIN blocks [965282, 965282, 965283]
  36999467c3dbb60d.ots: BITCOIN blocks [965282, 965282, 965283]
  369e18807b908f5e.ots: BITCOIN blocks [965286, 965286, 965289]
  36cc81b7ecabe0cd.ots: BITCOIN blocks [965281, 965281, 965283]
  36f772113df255d3.ots: BITCOIN blocks [965286, 965286, 965289]
  372c81944de8a52d.ots: BITCOIN blocks [965439]
  382c3f96ed0dc325.ots: BITCOIN blocks [965286, 965286, 965289]
  38de7c28932b338a.ots: BITCOIN blocks [965281, 965281, 965283]
  399ae4844a5c92ca.ots: BITCOIN blocks [965281, 965281, 965283]
  39f6235f855346c2.ots: BITCOIN blocks [965281, 965281, 965283]
  3a49f36e252d3366.ots: BITCOIN blocks [965282, 965282, 965283]
  3b71e95c048415b3.ots: BITCOIN blocks [965284, 965284, 965289]
  3b8051a786851679.ots: BITCOIN blocks [965283, 965284, 965284]
  3bbda6a591b94b38.ots: BITCOIN blocks [965281, 965281, 965283]
  3c64e1535ec2f504.ots: BITCOIN blocks [965282, 965282, 965283]
  3d10dd8f4c599d08.ots: BITCOIN blocks [965281, 965281, 965283]
  3d1fb2260c23b104.ots: BITCOIN blocks [965282, 965282, 965283]
  3e011dee660759cf.ots: BITCOIN blocks [965281, 965281, 965283]
  3e3588bb5cf988cc.ots: BITCOIN blocks [965282, 965282, 965283]
  3eeef8e60e11932f.ots: BITCOIN blocks [965282, 965282, 965283]
  3f47b9080baa394f.ots: BITCOIN blocks [965286, 965286, 965289]
  3f59117584e4de72.ots: BITCOIN blocks [965282, 965282, 965283]
  3f83d2d74195e490.ots: BITCOIN blocks [965281, 965281, 965283]
  3fa64beed58df427.ots: BITCOIN blocks [965439]
  3fd05226c788c835.ots: BITCOIN blocks [965286, 965286, 965289]
  4176e7ea23deb6e9.ots: BITCOIN blocks [965283, 965284, 965284]
  423f576d3c6ebfa3.ots: BITCOIN blocks [965281, 965281, 965283]
  42e72edbe9baaccd.ots: BITCOIN blocks [965286, 965286, 965289]
  44b49318ec585895.ots: BITCOIN blocks [965281, 965281, 965283]
  44dc64663e1601af.ots: BITCOIN blocks [965281, 965281, 965283]
  44f0faa6ffcc95b4.ots: BITCOIN blocks [965282, 965282, 965283]
  46279a2cc7c13049.ots: BITCOIN blocks [965281, 965281, 965283]
  4658a7c0bde505d1.ots: BITCOIN blocks [965286, 965286, 965289]
  46bc988d7a7e4da5.ots: BITCOIN blocks [965439]
  4767d4f65005c9f3.ots: BITCOIN blocks [965282, 965282, 965283]
  477aeaee93078e70.ots: BITCOIN blocks [965439]
  47b616deae4a477a.ots: BITCOIN blocks [965439]
  485dd018c73ecc28.ots: BITCOIN blocks [965281, 965281, 965283]
  48e3ff4e90640b1a.ots: BITCOIN blocks [965286, 965286, 965289]
  49af9b4949b8f1ef.ots: BITCOIN blocks [965286, 965286, 965289]
  49e63ec7ed0778e9.ots: BITCOIN blocks [965284, 965284, 965289]
  4a59df5ee5215ea3.ots: BITCOIN blocks [965286, 965286, 965289]
  4b3e3382ca54c9b8.ots: BITCOIN blocks [965439]
  4b6fb3c04b44028f.ots: BITCOIN blocks [965283, 965284, 965284]
  4b7c47bc0f604d3c.ots: BITCOIN blocks [965281, 965281, 965283]
  4b838685a8be2293.ots: BITCOIN blocks [965286, 965286, 965289]
  4bab5b1a02caabce.ots: BITCOIN blocks [965286, 965286, 965289]
  4c2f8b74d435b638.ots: BITCOIN blocks [965283, 965284, 965284]
  4c53c278ff9c37e1.ots: BITCOIN blocks [965281, 965281, 965283]
  4c5c473b94a7f0eb.ots: BITCOIN blocks [965439]
  4d20b1dd44e277d5.ots: BITCOIN blocks [965286, 965286, 965289]
  4dc514775bcb2dfb.ots: BITCOIN blocks [965286, 965286, 965289]
  4e8424d68b3794b6.ots: BITCOIN blocks [965282, 965282, 965283]
  4ef3ea40ad1e6ff0.ots: BITCOIN blocks [965281, 965281, 965283]
  4f116d771f225fac.ots: BITCOIN blocks [965282, 965282, 965283]
  4fe392e477419ec1.ots: BITCOIN blocks [965282, 965282, 965283]
  50492609ac319d3a.ots: BITCOIN blocks [965281, 965281, 965283]
  5131d4e2a7c2c908.ots: BITCOIN blocks [965286, 965286, 965289]
  51ab551e6a46863f.ots: BITCOIN blocks [965283, 965284, 965284]
  52c8aa76018a5d37.ots: BITCOIN blocks [965281, 965281, 965283]
  534438e65eb8143d.ots: BITCOIN blocks [965286, 965286, 965289]
  53a872ce65345e83.ots: BITCOIN blocks [965286, 965286, 965289]
  53e395a179abdc9f.ots: BITCOIN blocks [965286, 965286, 965289]
  5519ad830dc22c38.ots: BITCOIN blocks [965286, 965286, 965289]
  56121c1c48ff81f5.ots: BITCOIN blocks [965286, 965286, 965289]
  571f6b50d19bae2e.ots: BITCOIN blocks [965284, 965284, 965289]
  5743daba1dac8151.ots: BITCOIN blocks [965282, 965282, 965283]
  57b4e1a9da24a773.ots: BITCOIN blocks [965284, 965284, 965289]
  58ac3cd6b14379f9.ots: BITCOIN blocks [965286, 965286, 965289]
  59acaa42b38c6245.ots: BITCOIN blocks [965284, 965284, 965289]
  5a89008da03ea709.ots: BITCOIN blocks [965286, 965286, 965289]
  5b04f6bcdb54b35a.ots: BITCOIN blocks [965282, 965282, 965283]
  5b0a81755088012a.ots: BITCOIN blocks [965282, 965282, 965283]
  5b692912cd9f2705.ots: BITCOIN blocks [965282, 965282, 965283]
  5ba2a4130b75ce55.ots: BITCOIN blocks [965281, 965281, 965283]
  5be00c5ec8e1b755.ots: BITCOIN blocks [965282, 965282, 965283]
  5c0be5f449065314.ots: BITCOIN blocks [965286, 965286, 965289]
  5c2b588b3ee9155e.ots: BITCOIN blocks [965439]
  5d513f269b29869b.ots: BITCOIN blocks [965286, 965286, 965289]
  5d7200f3962f8e01.ots: BITCOIN blocks [965281, 965281, 965283]
  5d7424e64ae42954.ots: BITCOIN blocks [965281, 965281, 965283]
  5d80629c36dafd7d.ots: BITCOIN blocks [965286, 965286, 965289]
  5d81c9e17cd12991.ots: BITCOIN blocks [965281, 965281, 965283]
  5deffea1099f3b8d.ots: BITCOIN blocks [965439]
  5e2794223f16ea2d.ots: BITCOIN blocks [965286, 965286, 965289]
  5f09e03f65b92145.ots: BITCOIN blocks [965281, 965281, 965283]
  5f421b207e7f6a4a.ots: BITCOIN blocks [965281, 965281, 965283]
  608823aad39284a7.ots: BITCOIN blocks [965286, 965286, 965289]
  60eda089bc140b95.ots: BITCOIN blocks [965286, 965286, 965289]
  6202f102aa5c02b0.ots: BITCOIN blocks [965282, 965282, 965283]
  621193f0e892fe8e.ots: BITCOIN blocks [965286, 965286, 965289]
  621303b0225d3fd8.ots: BITCOIN blocks [965281, 965281, 965283]
  62f53138608c8800.ots: BITCOIN blocks [965282, 965282, 965283]
  630f70ee604f86d0.ots: BITCOIN blocks [965286, 965286, 965289]
  6314816c89694e13.ots: BITCOIN blocks [965282, 965282, 965283]
  631f26612f4ebb05.ots: BITCOIN blocks [965286, 965286, 965289]
  635c47a845ceabf9.ots: BITCOIN blocks [965281, 965281, 965283]
  63ee546393482820.ots: BITCOIN blocks [965439]
  641921dad50bec66.ots: BITCOIN blocks [965439]
  64a164647f0c15fa.ots: BITCOIN blocks [965282, 965282, 965283]
  64a89a7ebade8105.ots: BITCOIN blocks [965286, 965286, 965289]
  64ad3028fe81d456.ots: BITCOIN blocks [965439]
  65215bccaa6008ac.ots: BITCOIN blocks [965282, 965282, 965283]
  6569a5a00e34201a.ots: BITCOIN blocks [965282, 965282, 965283]
  6654a1aa5aff36a9.ots: BITCOIN blocks [965282, 965282, 965283]
  6847462a1cb3210f.ots: BITCOIN blocks [965286, 965286, 965289]
  68f35812bb189410.ots: BITCOIN blocks [965286, 965286, 965289]
  68f40f225bab6234.ots: BITCOIN blocks [965282, 965282, 965283]
  699fad97b024cd5c.ots: BITCOIN blocks [965282, 965282, 965283]
  6ac441cdc544d663.ots: BITCOIN blocks [965282, 965282, 965283]
  6addb84e492a8921.ots: BITCOIN blocks [965281, 965281, 965283]
  6b62a038172a9e31.ots: BITCOIN blocks [965286, 965286, 965289]
  6bbfce4564e054f7.ots: BITCOIN blocks [965283, 965284, 965284]
  6c3d0301505467bb.ots: BITCOIN blocks [965286, 965286, 965289]
  6c523c6341d72f90.ots: BITCOIN blocks [965286, 965286, 965289]
  6cb081fa9993e721.ots: BITCOIN blocks [965281, 965281, 965283]
  6cca33b9177efbf6.ots: BITCOIN blocks [965281, 965281, 965283]
  6d0c3c6c68ce7a75.ots: BITCOIN blocks [965283, 965284, 965284]
  6e99529bcd32a81d.ots: BITCOIN blocks [965439]
  6ec39d1603bda45d.ots: BITCOIN blocks [965282, 965282, 965283]
  6ef7bb31095966e2.ots: BITCOIN blocks [965282, 965282, 965283]
  6f4016489ad6baea.ots: BITCOIN blocks [965281, 965281]
  6f40948a272644f9.ots: BITCOIN blocks [965284, 965284, 965289]
  6f5ea2939110be73.ots: BITCOIN blocks [965283, 965284, 965284]
  6f974f43e5e5efbf.ots: BITCOIN blocks [965282, 965282, 965283]
  6ffd40b19bb9b299.ots: BITCOIN blocks [965281, 965281, 965283]
  701f2e1ac368bdc1.ots: BITCOIN blocks [965439]
  70d3bceaff0666be.ots: BITCOIN blocks [965281, 965281, 965283]
  72d7cc71a46463b6.ots: BITCOIN blocks [965282, 965282, 965283]
  7300de4a9a269a68.ots: BITCOIN blocks [965286, 965286, 965289]
  7318fa88c5291d09.ots: BITCOIN blocks [965439]
  73883be07de7d8ec.ots: BITCOIN blocks [965286, 965286, 965289]
  73b5778af2b2f566.ots: BITCOIN blocks [965283, 965284, 965284]
  74083bda9e96f344.ots: BITCOIN blocks [965282, 965282, 965283]
  742c7e8f32e261d0.ots: BITCOIN blocks [965282, 965282, 965283]
  7770a73ad47ca0fe.ots: BITCOIN blocks [965286, 965286, 965289]
  77b3d13e5d375e66.ots: BITCOIN blocks [965282, 965282, 965283]
  77c3324d7d4fc294.ots: BITCOIN blocks [965286, 965286, 965289]
  782718ef55f19914.ots: BITCOIN blocks [965282, 965282, 965283]
  7a47fa885a199524.ots: BITCOIN blocks [965439]
  7a81d788413dfbe7.ots: BITCOIN blocks [965286, 965286, 965289]
  7b7a73a9c7054b46.ots: BITCOIN blocks [965281, 965281, 965283]
  7bf9b2da46777819.ots: BITCOIN blocks [965282, 965282, 965283]
  7c18b01a407a08d3.ots: BITCOIN blocks [965284, 965284, 965289]
  7c1b3ee4433efa3a.ots: BITCOIN blocks [965283, 965284, 965284]
  7c7cddb366d4e54d.ots: BITCOIN blocks [965281, 965281, 965283]
  7cdd752e86db899f.ots: BITCOIN blocks [965282, 965282, 965283]
  7d5a1c0cc5f01408.ots: BITCOIN blocks [965439]
  7d6c759039e366af.ots: BITCOIN blocks [965282, 965282, 965283]
  7dcedaefeae6c973.ots: BITCOIN blocks [965282, 965282, 965283]
  7eb29f51e3af16a3.ots: BITCOIN blocks [965286, 965286, 965289]
  7f08810bb3075b1a.ots: BITCOIN blocks [965282, 965282, 965283]
  7f875f2fc8f02d48.ots: BITCOIN blocks [965281, 965281, 965283]
  807b165d1fc669f5.ots: BITCOIN blocks [965282, 965282, 965283]
  81537814728424b8.ots: BITCOIN blocks [965286, 965286, 965289]
  817dcb31fab43b81.ots: BITCOIN blocks [965439]
  8295e4babdf7c3b3.ots: BITCOIN blocks [965281, 965281, 965283]
  830713b00957282f.ots: BITCOIN blocks [965286, 965286, 965289]
  8414f155c7451351.ots: BITCOIN blocks [965281, 965281, 965283]
  84804bdd2b6f14b1.ots: BITCOIN blocks [965286, 965286, 965289]
  85bdcb978e512b37.ots: BITCOIN blocks [965282, 965282, 965283]
  862bd9ece21b5c64.ots: BITCOIN blocks [965286, 965286, 965289]
  863b78630a63e841.ots: BITCOIN blocks [965281, 965281, 965283]
  8795ef40d0d983d9.ots: BITCOIN blocks [965284, 965284, 965289]
  87b0eda911a9a9ad.ots: BITCOIN blocks [965439]
  88633abcdb59e52e.ots: BITCOIN blocks [965439]
  895e3334efcb4060.ots: BITCOIN blocks [965286, 965286, 965289]
  8a9bff25465e9c1a.ots: BITCOIN blocks [965282, 965282, 965283]
  8aed69b470054910.ots: BITCOIN blocks [965286, 965286, 965289]
  8b373a344767af3e.ots: BITCOIN blocks [965439]
  8c572b7711226d9c.ots: BITCOIN blocks [965286, 965286, 965289]
  8ce76781111db139.ots: BITCOIN blocks [965286, 965286, 965289]
  8cf8a25c35b5e6eb.ots: BITCOIN blocks [965286, 965286, 965289]
  8d3f37f07c2c78b3.ots: BITCOIN blocks [965286, 965286, 965289]
  9015cce0c631b375.ots: BITCOIN blocks [965286, 965286, 965289]
  903a34dcb7617979.ots: BITCOIN blocks [965286, 965286, 965289]
  91dc89fdcf4a223a.ots: BITCOIN blocks [965282, 965282, 965283]
  932cf8b1638e3ab4.ots: BITCOIN blocks [965282, 965282, 965283]
  94217cb154730609.ots: BITCOIN blocks [965281, 965281, 965283]
  94680e39332ed9be.ots: BITCOIN blocks [965281, 965281, 965283]
  94c6d6b86c83312e.ots: BITCOIN blocks [965282, 965282, 965283]
  94d623e861b5e73b.ots: BITCOIN blocks [965286, 965286, 965289]
  951a4b4eadcc593f.ots: BITCOIN blocks [965286, 965286, 965289]
  95a4147d16af2146.ots: BITCOIN blocks [965286, 965286, 965289]
  961034ad79978323.ots: BITCOIN blocks [965282, 965282, 965283]
  9624fc24788de241.ots: BITCOIN blocks [965286, 965286, 965289]
  964e3285399947f5.ots: BITCOIN blocks [965286, 965286, 965289]
  968ebef011db6ef9.ots: BITCOIN blocks [965281, 965281, 965283]
  9748a80ed0fa7571.ots: BITCOIN blocks [965282, 965282, 965283]
  976a253974c4db35.ots: BITCOIN blocks [965286, 965286, 965289]
  97a2db111ae1e311.ots: BITCOIN blocks [965281, 965281, 965283]
  97de7b62a11432fd.ots: BITCOIN blocks [965281, 965281, 965283]
  9803dc761969812b.ots: BITCOIN blocks [965281, 965281, 965283]
  9821c26aa49cd1dd.ots: BITCOIN blocks [965282, 965282, 965283]
  986b6ea231226c0e.ots: BITCOIN blocks [965286, 965286, 965289]
  99095bb8d6f5c3ab.ots: BITCOIN blocks [965286, 965286, 965289]
  99179e82381edfe8.ots: BITCOIN blocks [965281, 965281, 965283]
  99df7663f6d1fcaa.ots: BITCOIN blocks [965286, 965286, 965289]
  9ab0d499c15a86a2.ots: BITCOIN blocks [965286, 965286, 965289]
  9b89237e661f0170.ots: BITCOIN blocks [965281, 965281, 965283]
  9bbaad791bef23ef.ots: BITCOIN blocks [965283, 965284, 965284]
  9bced456a5e216ae.ots: BITCOIN blocks [965283, 965284, 965284]
  9befadefcdfe4cd2.ots: BITCOIN blocks [965439]
  9bf72eba6d956519.ots: BITCOIN blocks [965281, 965281, 965283]
  9c1ab270f951759c.ots: BITCOIN blocks [965286, 965286, 965289]
  9c28ca838896d046.ots: BITCOIN blocks [965282, 965282, 965283]
  9c4ad80c99469d10.ots: BITCOIN blocks [965284, 965284, 965289]
  9c65c45472b166a1.ots: BITCOIN blocks [965283, 965284, 965284]
  9c9112a7c92545c1.ots: BITCOIN blocks [965286, 965286, 965289]
  9ca985b09bd3c5f8.ots: BITCOIN blocks [965282, 965282, 965283]
  9d381c2950788e8d.ots: BITCOIN blocks [965282, 965282, 965283]
  9d55b0a2684d032d.ots: BITCOIN blocks [965286, 965286, 965289]
  9f3896f76d3bbff2.ots: BITCOIN blocks [965286, 965286, 965289]
  9f48ae83d71dd3e0.ots: BITCOIN blocks [965286, 965286, 965289]
  9f72593c0ced8376.ots: BITCOIN blocks [965286, 965286, 965289]
  a03c9840f294638f.ots: BITCOIN blocks [965439]
  a0782f78ad1f65e3.ots: BITCOIN blocks [965282, 965282, 965283]
  a094c793e8c50c83.ots: BITCOIN blocks [965281, 965281, 965283]
  a0ae968677cb5de6.ots: BITCOIN blocks [965284, 965284, 965289]
  a105f25bee7e44e7.ots: BITCOIN blocks [965283, 965284, 965284]
  a10ba0f1cda7c2ca.ots: BITCOIN blocks [965439]
  a13602513336ea9e.ots: BITCOIN blocks [965282, 965282, 965283]
  a183263672f9040b.ots: BITCOIN blocks [965283, 965284, 965284]
  a1cabd79c2478a92.ots: BITCOIN blocks [965282, 965282, 965283]
  a1cd7119f0894cb6.ots: BITCOIN blocks [965286, 965286, 965289]
  a1e9c5502b54d299.ots: BITCOIN blocks [965282, 965282, 965283]
  a202949294d4cbaf.ots: BITCOIN blocks [965286, 965286, 965289]
  a2424d425c39138e.ots: BITCOIN blocks [965439]
  a24d3b9306673f4f.ots: BITCOIN blocks [965281, 965281, 965283]
  a2ec7694a5c84d76.ots: BITCOIN blocks [965282, 965282, 965283]
  a2f54a52ec414afe.ots: BITCOIN blocks [965439]
  a335a311b12b0300.ots: BITCOIN blocks [965286, 965286, 965289]
  a346769637c23005.ots: BITCOIN blocks [965281, 965281, 965283]
  a4e062a58ae39d58.ots: BITCOIN blocks [965286, 965286, 965289]
  a540057cd295e7fd.ots: BITCOIN blocks [965286, 965286, 965289]
  a56622b190de17f1.ots: BITCOIN blocks [965439]
  a5da2df458003c23.ots: BITCOIN blocks [965281, 965281, 965283]
  a5dbf633ae3b9207.ots: BITCOIN blocks [965282, 965282, 965283]
  a6c659a3419e5dce.ots: BITCOIN blocks [965281, 965281, 965283]
  a6e2500a37464e32.ots: BITCOIN blocks [965286, 965286, 965289]
  a70a20bd2732f019.ots: BITCOIN blocks [965282, 965282, 965283]
  a70c432763c8de1e.ots: BITCOIN blocks [965282, 965282, 965283]
  a7a02f703adc785e.ots: BITCOIN blocks [965286, 965286, 965289]
  a7a8ad9c7f3ce333.ots: BITCOIN blocks [965282, 965282, 965283]
  a8dbe66303508568.ots: BITCOIN blocks [965281, 965281, 965283]
  a913eefb948ededb.ots: BITCOIN blocks [965282, 965282, 965283]
  a9378a46aa341746.ots: BITCOIN blocks [965282, 965282, 965283]
  a9724a4b00738a0a.ots: BITCOIN blocks [965282, 965282, 965283]
  a99d26074a061676.ots: BITCOIN blocks [965281, 965281, 965283]
  a9cb836b82560962.ots: BITCOIN blocks [965286, 965286, 965289]
  aa1f2e8026c8c676.ots: BITCOIN blocks [965439]
  aa2a1bc85e9213a8.ots: BITCOIN blocks [965282, 965282, 965283]
  aa721d12e7f9de97.ots: BITCOIN blocks [965282, 965282, 965283]
  ab35ad9549b91839.ots: BITCOIN blocks [965286, 965286, 965289]
  ab70123b10292db5.ots: BITCOIN blocks [965282, 965282, 965283]
  abc032b9923e04dc.ots: BITCOIN blocks [965439]
  ac1c46e7db92b8c4.ots: BITCOIN blocks [965284, 965284, 965289]
  ac734d7599319e53.ots: BITCOIN blocks [965282, 965282, 965283]
  acad1656f75ffac5.ots: BITCOIN blocks [965281, 965281, 965283]
  acf0af3cb1b26b0d.ots: BITCOIN blocks [965286, 965286, 965289]
  ad436895c53ddec6.ots: BITCOIN blocks [965286, 965286, 965289]
  adfcdf0ea3c089e6.ots: BITCOIN blocks [965282, 965282, 965283]
  ae002e8ef28324fe.ots: BITCOIN blocks [965286, 965286, 965289]
  ae0ce7e6e1896f65.ots: BITCOIN blocks [965282, 965282, 965283]
  aecc20dd46c34bff.ots: BITCOIN blocks [965282, 965282, 965283]
  aeebff0fbeb1fa7c.ots: BITCOIN blocks [965282, 965282, 965283]
  af0a0032531bd62d.ots: BITCOIN blocks [965283, 965284, 965284]
  afb19641a883e8a6.ots: BITCOIN blocks [965284, 965284, 965289]
  afe2a7db972ac1f5.ots: BITCOIN blocks [965282, 965282, 965283]
  b06539992bf6cfef.ots: BITCOIN blocks [965439]
  b1392bfe76295b23.ots: BITCOIN blocks [965286, 965286, 965289]
  b182c6d40383f3fd.ots: BITCOIN blocks [965282, 965282, 965283]
  b27ac3307ab7cde5.ots: BITCOIN blocks [965282, 965282, 965283]
  b295a19ec4f14b00.ots: BITCOIN blocks [965281, 965281, 965283]
  b35e896ca94c40d7.ots: BITCOIN blocks [965282, 965282, 965283]
  b362a05670024a96.ots: BITCOIN blocks [965281, 965281, 965283]
  b3bc907a7ddd32d1.ots: BITCOIN blocks [965282, 965282, 965283]
  b3f8d0488c0010f1.ots: BITCOIN blocks [965282, 965282, 965283]
  b43ab78165937d65.ots: BITCOIN blocks [965286, 965286, 965289]
  b4c5fc552234118c.ots: BITCOIN blocks [965286, 965286, 965289]
  b4f590322d2fd418.ots: BITCOIN blocks [965282, 965282, 965283]
  b581c590f1dc70da.ots: BITCOIN blocks [965282, 965282, 965283]
  b653da11414dc865.ots: BITCOIN blocks [965282, 965282, 965283]
  b74648464527b403.ots: BITCOIN blocks [965282, 965282, 965283]
  b7b41a8ade43c501.ots: BITCOIN blocks [965439]
  b7cc17b13cbe0974.ots: BITCOIN blocks [965281, 965281, 965283]
  b8b4a4a70e25274c.ots: BITCOIN blocks [965286, 965286, 965289]
  b8c943ad8ac0bd7e.ots: BITCOIN blocks [965282, 965282, 965283]
  b9ca2f9d79d6235d.ots: BITCOIN blocks [965282, 965282, 965283]
  ba255bf28d3fafe3.ots: BITCOIN blocks [965282, 965282, 965283]
  bb5b33ef12242f15.ots: BITCOIN blocks [965286, 965286, 965289]
  bc36805ba4975db9.ots: BITCOIN blocks [965281, 965281, 965283]
  bc5178a13d283d91.ots: BITCOIN blocks [965286, 965286, 965289]
  bc5a371c03329a38.ots: BITCOIN blocks [965286, 965286, 965289]
  bcc89e280e6af0a5.ots: BITCOIN blocks [965282, 965282, 965283]
  bced030a871caf6c.ots: BITCOIN blocks [965281, 965281, 965283]
  bdf18ad42fd38e38.ots: BITCOIN blocks [965286, 965286, 965289]
  be3645e68f42a103.ots: BITCOIN blocks [965282, 965282, 965283]
  be41e9695d04ed9c.ots: BITCOIN blocks [965281, 965281, 965283]
  bec90f693206d9e6.ots: BITCOIN blocks [965281, 965281, 965283]
  befbe00a7f985b7e.ots: BITCOIN blocks [965286, 965286, 965289]
  c06d5781af021915.ots: BITCOIN blocks [965282, 965282, 965283]
  c0cd1f91bd2810a0.ots: BITCOIN blocks [965281, 965281, 965283]
  c17a5f491c489592.ots: BITCOIN blocks [965282, 965282, 965283]
  c196fee396a95817.ots: BITCOIN blocks [965281, 965281, 965283]
  c1c39c36997d33a8.ots: BITCOIN blocks [965282, 965282, 965283]
  c2654a2906abcb80.ots: BITCOIN blocks [965281, 965281, 965283]
  c26945c2b06936b6.ots: BITCOIN blocks [965281, 965281, 965283]
  c2911ab49297e161.ots: BITCOIN blocks [965284, 965284, 965289]
  c2ab15ea611e155a.ots: BITCOIN blocks [965286, 965286, 965289]
  c3903fa42c40ef7b.ots: BITCOIN blocks [965281, 965281, 965283]
  c3e21bb11682a10d.ots: BITCOIN blocks [965439]
  c4d16f0147df6fc4.ots: BITCOIN blocks [965286, 965286, 965289]
  c4dcf82cfab7701a.ots: BITCOIN blocks [965282, 965282, 965283]
  c55050091716f06f.ots: BITCOIN blocks [965283, 965284, 965284]
  c578a9eb74ec51df.ots: BITCOIN blocks [965282, 965282, 965283]
  c6404c4c131ea695.ots: BITCOIN blocks [965281, 965281, 965283]
  c662da6bc85173b3.ots: BITCOIN blocks [965282, 965282, 965283]
  c6d97e3f99998b59.ots: BITCOIN blocks [965283, 965284, 965284]
  c719c5e4c9574407.ots: BITCOIN blocks [965439]
  c72b01ae9bf9d5d8.ots: BITCOIN blocks [965281, 965281, 965283]
  c768cbd097dfc7b1.ots: BITCOIN blocks [965282, 965282, 965283]
  c786855d5d445e5d.ots: BITCOIN blocks [965286, 965286, 965289]
  c8aa017b8e92e839.ots: BITCOIN blocks [965282, 965282, 965283]
  c90268a75ec75128.ots: BITCOIN blocks [965281, 965281, 965283]
  c981569fcc20badb.ots: BITCOIN blocks [965282, 965282, 965283]
  c9d672435321273e.ots: BITCOIN blocks [965286, 965286, 965289]
  c9feeceda6868d4b.ots: BITCOIN blocks [965284, 965284, 965289]
  ca0fb0d46b6115f9.ots: BITCOIN blocks [965282, 965282, 965283]
  ca1f0344c98ceb0b.ots: BITCOIN blocks [965283, 965284, 965284]
  ca8119a88005d104.ots: BITCOIN blocks [965281, 965281, 965283]
  ca87923a4f7bef2d.ots: BITCOIN blocks [965281, 965281, 965283]
  cac7f74d59996b79.ots: BITCOIN blocks [965286, 965286, 965289]
  caf79be4e3d9b5b8.ots: BITCOIN blocks [965286, 965286, 965289]
  cb327547969fb76a.ots: BITCOIN blocks [965286, 965286, 965289]
  cdb87480f8bf9cf8.ots: BITCOIN blocks [965281, 965281, 965283]
  cdb984bee6cb96ed.ots: BITCOIN blocks [965286, 965286, 965289]
  ce40314ea1644784.ots: BITCOIN blocks [965284, 965284, 965289]
  ceaaacc22d3b11e1.ots: BITCOIN blocks [965281, 965281, 965283]
  cec041c5fdf9ca07.ots: BITCOIN blocks [965282, 965282, 965283]
  ced9ac8f2d669c27.ots: BITCOIN blocks [965281, 965281, 965283]
  ceff1c3c7652693f.ots: BITCOIN blocks [965439]
  cfb71cd1912c5527.ots: BITCOIN blocks [965282, 965282, 965283]
  cfcac2a6db9a281e.ots: BITCOIN blocks [965282, 965282, 965283]
  cfd38a4f61c780cc.ots: BITCOIN blocks [965439]
  cff13b009ba711ce.ots: BITCOIN blocks [965282, 965282, 965283]
  d0395ddf46e3e51b.ots: BITCOIN blocks [965284, 965284, 965289]
  d1422094680cb12c.ots: BITCOIN blocks [965286, 965286, 965289]
  d1e174b34280cf3c.ots: BITCOIN blocks [965282, 965282, 965283]
  d2244c017f3471a9.ots: BITCOIN blocks [965281, 965281, 965283]
  d23d655356b5fdbe.ots: BITCOIN blocks [965286, 965286, 965289]
  d2a807736e89b8d8.ots: BITCOIN blocks [965439]
  d2ec1b4a8f2a681c.ots: BITCOIN blocks [965286, 965286, 965289]
  d3f1d9369c070ea4.ots: BITCOIN blocks [965283, 965284, 965284]
  d474f033f0b21cb3.ots: BITCOIN blocks [965439]
  d48730f7e2d66814.ots: BITCOIN blocks [965284, 965284, 965289]
  d4ad2c97a15335df.ots: BITCOIN blocks [965281, 965281, 965283]
  d4c6f5c638badb95.ots: BITCOIN blocks [965286, 965286, 965289]
  d5b5bff9054031f5.ots: BITCOIN blocks [965282, 965282, 965283]
  d5e9bd29f54d82f6.ots: BITCOIN blocks [965286, 965286, 965289]
  d63e745a48bf1dc3.ots: BITCOIN blocks [965282, 965282, 965283]
  d6400910d7cb2215.ots: BITCOIN blocks [965282, 965282, 965283]
  d64a297ccf62b01a.ots: BITCOIN blocks [965286, 965286, 965289]
  d6582aaca9286371.ots: BITCOIN blocks [965286, 965286, 965289]
  d66410b74b1ac845.ots: BITCOIN blocks [965286, 965286, 965289]
  d6d0e27710cc3388.ots: BITCOIN blocks [965286, 965286, 965289]
  d6d9e205a4b9d60f.ots: BITCOIN blocks [965286, 965286, 965289]
  d77f77e652c454be.ots: BITCOIN blocks [965439]
  d783d8cb1d9d6cd6.ots: BITCOIN blocks [965439]
  d7af4b4f6c7d5f8a.ots: BITCOIN blocks [965282, 965282, 965283]
  d848ed1ec1d174ca.ots: BITCOIN blocks [965281, 965281, 965283]
  d913279a79de4f90.ots: BITCOIN blocks [965286, 965286, 965289]
  d9262d5866108e63.ots: BITCOIN blocks [965439]
  d9aa549b32494959.ots: BITCOIN blocks [965286, 965286, 965289]
  dae8d9c4c1e192f1.ots: BITCOIN blocks [965286, 965286, 965289]
  db87b8e9a4ad99c7.ots: BITCOIN blocks [965282, 965282, 965283]
  dc928ed8f2a0c836.ots: BITCOIN blocks [965281, 965281, 965283]
  dd38d16807d31b85.ots: BITCOIN blocks [965286, 965286, 965289]
  de04ee16a24b27a6.ots: BITCOIN blocks [965439]
  de608b7cd741ddb8.ots: BITCOIN blocks [965282, 965282, 965283]
  de794a60f2aa4e78.ots: BITCOIN blocks [965282, 965282, 965283]
  de7b1ac0655da4bb.ots: BITCOIN blocks [965286, 965286, 965289]
  dee18b2cbf900dda.ots: BITCOIN blocks [965281, 965281, 965283]
  dfaa69cfa87e5be0.ots: BITCOIN blocks [965282, 965282, 965283]
  dfffb5b63749f96d.ots: BITCOIN blocks [965282, 965282, 965283]
  e0034fc60cb97fe6.ots: BITCOIN blocks [965286, 965286, 965289]
  e054179c0e7d492e.ots: BITCOIN blocks [965282, 965282, 965283]
  e07f02ba4279e8a8.ots: BITCOIN blocks [965439]
  e10135abf02ce1f1.ots: BITCOIN blocks [965282, 965282, 965283]
  e1c3c646ad816d25.ots: BITCOIN blocks [965284, 965284, 965289]
  e1ff992fb1c1eb80.ots: BITCOIN blocks [965439]
  e25a3afcfec12aab.ots: BITCOIN blocks [965284, 965284, 965289]
  e28d1a8299f6a9a4.ots: BITCOIN blocks [965282, 965282, 965283]
  e2c3b902d904db1c.ots: BITCOIN blocks [965286, 965286, 965289]
  e2fd0022bd8d8cc2.ots: BITCOIN blocks [965286, 965286, 965289]
  e30146cab7d08c7f.ots: BITCOIN blocks [965282, 965282, 965283]
  e310e88325c86413.ots: BITCOIN blocks [965282, 965282, 965283]
  e34b0b0c406d6f8d.ots: BITCOIN blocks [965286, 965286, 965289]
  e408915aa23d6ea0.ots: BITCOIN blocks [965284, 965284, 965289]
  e4732f967474adae.ots: BITCOIN blocks [965286, 965286, 965289]
  e4ecb8580bfe90f6.ots: BITCOIN blocks [965282, 965282, 965283]
  e52333f48ab083fe.ots: BITCOIN blocks [965281, 965281, 965283]
  e56132e480c1c3ff.ots: BITCOIN blocks [965283, 965284, 965284]
  e61d590ce07eba87.ots: BITCOIN blocks [965282, 965282, 965283]
  e65c1ae69867aa8d.ots: BITCOIN blocks [965439]
  e83d4d11ce07b158.ots: BITCOIN blocks [965283, 965284, 965284]
  e87e9baa7be4357e.ots: BITCOIN blocks [965282, 965282, 965283]
  e8deada1e1d940ae.ots: BITCOIN blocks [965282, 965282, 965283]
  e90d9e3a41519640.ots: BITCOIN blocks [965439]
  e9130bec495ab324.ots: BITCOIN blocks [965439]
  e9351ad758d8f67b.ots: BITCOIN blocks [965286, 965286, 965289]
  ea3304f4eb31dec5.ots: BITCOIN blocks [965281, 965281, 965283]
  ea66f86bfa593da2.ots: BITCOIN blocks [965281, 965281, 965283]
  ea7a5d6755d52907.ots: BITCOIN blocks [965286, 965286, 965289]
  eb1b236c38da7fe3.ots: BITCOIN blocks [965286, 965286, 965289]
  ebee660900d10a24.ots: BITCOIN blocks [965286, 965286, 965289]
  ed832c75c7758bbb.ots: BITCOIN blocks [965282, 965282, 965283]
  edc20dd6c05f1535.ots: BITCOIN blocks [965286, 965286, 965289]
  eff91881e1118cbd.ots: BITCOIN blocks [965282, 965282, 965283]
  effead5bac7b5761.ots: BITCOIN blocks [965284, 965284, 965289]
  f051493634dae935.ots: BITCOIN blocks [965286, 965286, 965289]
  f0743970fe55b528.ots: BITCOIN blocks [965283, 965284, 965284]
  f1aa583c0f946229.ots: BITCOIN blocks [965286, 965286, 965289]
  f2713f18656ff9fd.ots: BITCOIN blocks [965439]
  f2a7ad20998d93a0.ots: BITCOIN blocks [965282, 965282, 965283]
  f2b6e18dff2f5331.ots: BITCOIN blocks [965286, 965286, 965289]
  f3186a0242a8cd78.ots: BITCOIN blocks [965282, 965282, 965283]
  f372ba80184f694a.ots: BITCOIN blocks [965282, 965282, 965283]
  f3fb775ee387326d.ots: BITCOIN blocks [965286, 965286, 965289]
  f4ffdff99731e2e1.ots: BITCOIN blocks [965282, 965282, 965283]
  f5a79df2da66187d.ots: BITCOIN blocks [965284, 965284, 965289]
  f60f92d0c191faa7.ots: BITCOIN blocks [965282, 965282, 965283]
  f6af18ec45353206.ots: BITCOIN blocks [965439]
  f6f7db19deb6a0c4.ots: BITCOIN blocks [965282, 965282, 965283]
  f73381fa789a1414.ots: BITCOIN blocks [965281, 965281, 965283]
  f78bca2d5ac0224e.ots: BITCOIN blocks [965286, 965286, 965289]
  f7ad7c295b9ad252.ots: BITCOIN blocks [965283, 965284, 965284]
  f7cc8f31b662e6fe.ots: BITCOIN blocks [965286, 965286, 965289]
  f83d8f1802b95bb0.ots: BITCOIN blocks [965286, 965286, 965289]
  f8a04a67115da86b.ots: BITCOIN blocks [965439]
  f92fe0ec643c29b9.ots: BITCOIN blocks [965439]
  f97f86ff7bfcbcbc.ots: BITCOIN blocks [965439]
  fa5fa889948f4488.ots: BITCOIN blocks [965286, 965286, 965289]
  fb7e205971ac3cec.ots: BITCOIN blocks [965286, 965286, 965289]
  fc0111dfbe006cc3.ots: BITCOIN blocks [965282, 965282, 965283]
  fc032d74d48ca0a0.ots: BITCOIN blocks [965439]
  fc171da17a4d1c5e.ots: BITCOIN blocks [965282, 965282, 965283]
  fc34315976670050.ots: BITCOIN blocks [965282, 965282, 965283]
  fc6ed7dc3038e249.ots: BITCOIN blocks [965281, 965281, 965283]
  fc8bf3532efc4046.ots: BITCOIN blocks [965282, 965282, 965283]
  fcd1915189f87a0f.ots: BITCOIN blocks [965281, 965281, 965283]
  fce4f82b8ce2694a.ots: BITCOIN blocks [965281, 965281, 965283]
  fd4f1c353cedfeba.ots: BITCOIN blocks [965286, 965286, 965289]
  fd60883a56a2bcd0.ots: BITCOIN blocks [965286, 965286, 965289]
  fdd69016621721b4.ots: BITCOIN blocks [965282, 965282, 965283]
  fe1fc9ae4d1e5a32.ots: BITCOIN blocks [965283, 965284, 965284]
  fecffbb2027259b7.ots: BITCOIN blocks [965283, 965284, 965284]
  fff8e4bf59ef49f1.ots: BITCOIN blocks [965286, 965286, 965289]
  01f77abb47d65415.ots: BITCOIN blocks [965281, 965283, 965289, 965333]
  03066c50eab7f173.ots: BITCOIN blocks [965276, 965276, 965289, 965333]
  054655adfd6326be.ots: BITCOIN blocks [965281, 965283, 965289, 965333]
  0a27dbdbc26f5572.ots: BITCOIN blocks [965281, 965283, 965289, 965333]
  100bd2b1c2572483.ots: BITCOIN blocks [965281, 965283, 965289, 965333]
  11022b620356e277.ots: BITCOIN blocks [965277, 965283, 965289, 965333]
  1477e6d7984122bc.ots: BITCOIN blocks [965276, 965276, 965289, 965333]
  183a5cb0ec76d06f.ots: BITCOIN blocks [965281, 965283, 965289, 965333]
  18873b41b1807c6c.ots: BITCOIN blocks [965277, 965283, 965289, 965333]
  1a8a8e6d6776901a.ots: BITCOIN blocks [965281, 965283, 965289, 965333]
  1d571a56e533bc78.ots: BITCOIN blocks [965277, 965283, 965289, 965333]
  1d65397bed5a88c8.ots: BITCOIN blocks [965281, 965283, 965289, 965333]
  20b7378c689a5d47.ots: BITCOIN blocks [965281, 965283, 965289, 965333]
  21fca731d0fe9dbe.ots: BITCOIN blocks [965281, 965283, 965289, 965333]
  22070027eae352cd.ots: BITCOIN blocks [965276, 965276, 965289, 965333]
  24025653ca55b482.ots: BITCOIN blocks [965281, 965283, 965289, 965333]
  24a7d15f28939b8a.ots: BITCOIN blocks [965281, 965283, 965289, 965333]
  27da6c3ace90491c.ots: BITCOIN blocks [965277, 965283, 965289, 965333]
  27e7353391752c18.ots: BITCOIN blocks [965281, 965283, 965289, 965333]
  2812ae6af549d7b7.ots: BITCOIN blocks [965281, 965283, 965289, 965333]
  2a5caba12b6a36cd.ots: BITCOIN blocks [965276, 965276, 965289, 965333]
  2cac85997c46ea6b.ots: BITCOIN blocks [965281, 965283, 965289, 965333]
  2cc90eace36fc73e.ots: BITCOIN blocks [965281, 965283, 965289, 965333]
  2d9bf4cf567b21af.ots: BITCOIN blocks [965281, 965283, 965289, 965333]
  2e1ed9094460fa79.ots: BITCOIN blocks [965277, 965283, 965289, 965333]
  2efde5e40c696789.ots: BITCOIN blocks [965281, 965283, 965289, 965333]
  300942835565aa0d.ots: BITCOIN blocks [965281, 965283, 965289, 965333]
  300fdb79f496ed63.ots: BITCOIN blocks [965277, 965283, 965289, 965333]
  30f2d3422d493170.ots: BITCOIN blocks [965281, 965283, 965289, 965333]
  32444d4edf757558.ots: BITCOIN blocks [965281, 965283, 965289, 965333]
  32fa4c77c56335f2.ots: BITCOIN blocks [965281, 965283, 965289, 965333]
  34d48bbd3f1b0d1a.ots: BITCOIN blocks [965281, 965283, 965289, 965333]
  36b29ca325a5db03.ots: BITCOIN blocks [965281, 965283, 965289, 965333]
  3718da9c10259dc4.ots: BITCOIN blocks [965277, 965283, 965289, 965333]
  38482aa167d109a9.ots: BITCOIN blocks [965281, 965283, 965289, 965333]
  3862daeec772f158.ots: BITCOIN blocks [965276, 965276, 965289, 965333]
  3a174956bd1f4fae.ots: BITCOIN blocks [965276, 965276, 965289, 965333]
  3a94790d609d1c3b.ots: BITCOIN blocks [965277, 965283, 965289, 965333]
  3c910f19e7aa3eea.ots: BITCOIN blocks [965281, 965283, 965289, 965333]
  3c9669db3b304732.ots: BITCOIN blocks [965276, 965276, 965289, 965333]
  3d2fb90399819c75.ots: BITCOIN blocks [965276, 965276, 965289, 965333]
  3f6e37f6066d0674.ots: BITCOIN blocks [965277, 965283, 965289, 965333]
  4129d1315ef75fa0.ots: BITCOIN blocks [965276, 965276, 965289, 965333]
  455e4d53d946f24d.ots: BITCOIN blocks [965276, 965276, 965289, 965333]
  467fb802328fb232.ots: BITCOIN blocks [965276, 965276, 965289, 965333]
  49ea75b077e230f1.ots: BITCOIN blocks [965281, 965283, 965289, 965333]
  4b662e7504f16f0a.ots: BITCOIN blocks [965281, 965283, 965289, 965333]
  4d93edfe59a44964.ots: BITCOIN blocks [965281, 965283, 965289, 965333]
  4ea79f9829d28095.ots: BITCOIN blocks [965281, 965283, 965289, 965333]
  4f3769014d027efb.ots: BITCOIN blocks [965277, 965283, 965289, 965333]
  5678fc6172831ad8.ots: BITCOIN blocks [965276, 965276, 965289, 965333]
  57df64c29bf16454.ots: BITCOIN blocks [965281, 965283, 965289, 965333]
  582e8be93359c591.ots: BITCOIN blocks [965281, 965283, 965289, 965333]
  58d1738f2f773515.ots: BITCOIN blocks [965276, 965276, 965289, 965333]
  59c6952b76144c9b.ots: BITCOIN blocks [965281, 965283, 965289, 965333]
  5dd6b9d898f9398b.ots: BITCOIN blocks [965276, 965276, 965289, 965333]
  5e36d274789f4b45.ots: BITCOIN blocks [965277, 965283, 965289, 965333]
  5f4dc0d13c5d9668.ots: BITCOIN blocks [965281, 965283, 965289, 965333]
  60f9420b0911285d.ots: BITCOIN blocks [965281, 965283, 965289, 965333]
  623a9928fe6b2849.ots: BITCOIN blocks [965277, 965283, 965289, 965333]
  62dd7b81614ff080.ots: BITCOIN blocks [965277, 965283, 965289, 965333]
  62f8cb5bda7fdffc.ots: BITCOIN blocks [965276, 965276, 965289, 965333]
  643618a662c3996b.ots: BITCOIN blocks [965281, 965283, 965289, 965333]
  65cd54ac8d68a309.ots: BITCOIN blocks [965281, 965283, 965289, 965333]
  6a0ad2d2531c9c2e.ots: BITCOIN blocks [965281, 965283, 965289, 965333]
  6b0a6468de4cc764.ots: BITCOIN blocks [965281, 965283, 965289, 965333]
  6b70338690cd1b49.ots: BITCOIN blocks [965281, 965283, 965289, 965333]
  6e9aaaf209153323.ots: BITCOIN blocks [965276, 965276, 965289, 965333]
  70b10f2fa9f46021.ots: BITCOIN blocks [965277, 965283, 965289, 965333]
  7134c934fa0b7bfe.ots: BITCOIN blocks [965277, 965283, 965289, 965333]
  7597b1b496daef75.ots: BITCOIN blocks [965277, 965283, 965289, 965333]
  7743fc6b6bf5b97e.ots: BITCOIN blocks [965281, 965283, 965289, 965333]
  7abcc1cae8cc76d3.ots: BITCOIN blocks [965281, 965283, 965289, 965333]
  7b520aef14b4e1d8.ots: BITCOIN blocks [965281, 965283, 965289, 965333]
  7c89048de8c468bf.ots: BITCOIN blocks [965277, 965283, 965289, 965333]
  8300e88c611ba94a.ots: BITCOIN blocks [965281, 965283, 965289, 965333]
  8383030792f3fa9b.ots: BITCOIN blocks [965281, 965283, 965289, 965333]
  8547540fe8201a69.ots: BITCOIN blocks [965281, 965283, 965289, 965333]
  89f7a7f090d58087.ots: BITCOIN blocks [965281, 965283, 965289, 965333]
  8b58eda186786da9.ots: BITCOIN blocks [965281, 965283, 965289, 965333]
  8e2d438d60107916.ots: BITCOIN blocks [965276, 965276, 965289, 965333]
  8e6e2df60533cbfa.ots: BITCOIN blocks [965281, 965283, 965289, 965333]
  8e9665b49a5aef5f.ots: BITCOIN blocks [965281, 965283, 965289, 965333]
  8efb6aa27057b249.ots: BITCOIN blocks [965281, 965283, 965289, 965333]
  8f969a0c0bd4a92a.ots: BITCOIN blocks [965281, 965283, 965289, 965333]
  929f14ee77e7ea40.ots: BITCOIN blocks [965277, 965283, 965289, 965333]
  996192184f8465f6.ots: BITCOIN blocks [965276, 965276, 965289, 965333]
  9cb880e34e162a78.ots: BITCOIN blocks [965281, 965283, 965289, 965333]
  9cef617e37cb5a52.ots: BITCOIN blocks [965277, 965283, 965289, 965333]
  9d6aad6d8b3df367.ots: BITCOIN blocks [965276, 965276, 965289, 965333]
  9e94e755924edb89.ots: BITCOIN blocks [965281, 965283, 965289, 965333]
  9fffb7a89b5d8283.ots: BITCOIN blocks [965281, 965283, 965289, 965333]
  a13b02166c17e5f9.ots: BITCOIN blocks [965281, 965283, 965289, 965333]
  a3734255bea38fdd.ots: BITCOIN blocks [965281, 965283, 965289, 965333]
  a4736affd55570e1.ots: BITCOIN blocks [965281, 965283, 965289, 965333]
  a493d643b1ab46b1.ots: BITCOIN blocks [965281, 965283, 965289, 965333]
  a4ae45a60298de46.ots: BITCOIN blocks [965281, 965283, 965289, 965333]
  a4c7416c4b5f358d.ots: BITCOIN blocks [965281, 965283, 965289, 965333]
  a566121c40fdd127.ots: BITCOIN blocks [965277, 965283, 965289, 965333]
  a77ed356400609be.ots: BITCOIN blocks [965281, 965283, 965289, 965333]
  a8353220a4eae44c.ots: BITCOIN blocks [965277, 965283, 965289, 965333]
  a8d07c920092e637.ots: BITCOIN blocks [965281, 965283, 965289, 965333]
  aa528c4f06fc61a4.ots: BITCOIN blocks [965281, 965283, 965289, 965333]
  aaf3f70c1146ef36.ots: BITCOIN blocks [965281, 965283, 965289, 965333]
  aafdb656cc3ba06a.ots: BITCOIN blocks [965277, 965283, 965289, 965333]
  ada29359ebf4fab0.ots: BITCOIN blocks [965277, 965283, 965289, 965333]
  b02edd5d8ee59f88.ots: BITCOIN blocks [965276, 965276, 965289, 965333]
  b18b211681bc8ffc.ots: BITCOIN blocks [965281, 965283, 965289, 965333]
  b34dd63140596a69.ots: BITCOIN blocks [965281, 965283, 965289, 965333]
  b444f81fb9de08ba.ots: BITCOIN blocks [965281, 965283, 965289, 965333]
  b49fc94cc3d87b23.ots: BITCOIN blocks [965281, 965283, 965289, 965333]
  b4d501effab06126.ots: BITCOIN blocks [965281, 965283, 965289, 965333]
  b813c01d15950f53.ots: BITCOIN blocks [965276, 965276, 965289, 965333]
  ba5f183a4d9643f7.ots: BITCOIN blocks [965276, 965276, 965289, 965333]
  bf80947be0fc5ff3.ots: BITCOIN blocks [965281, 965283, 965289, 965333]
  c3a681dcdb7969a4.ots: BITCOIN blocks [965276, 965276, 965289, 965333]
  d1978df67afa02b2.ots: BITCOIN blocks [965281, 965283, 965289, 965333]
  d5d7e1afa0f0b5bd.ots: BITCOIN blocks [965281, 965283, 965289, 965333]
  d6564234674e533c.ots: BITCOIN blocks [965277, 965283, 965289, 965333]
  d90d6d5a53b024db.ots: BITCOIN blocks [965277, 965283, 965289, 965333]
  dd83268c3e28e9b6.ots: BITCOIN blocks [965277, 965283, 965289, 965333]
  de4b44eb24ed04f3.ots: BITCOIN blocks [965276, 965276, 965289, 965333]
  df309f745822079f.ots: BITCOIN blocks [965281, 965283, 965289, 965333]
  df3cb32fbc4a64c1.ots: BITCOIN blocks [965281, 965283, 965289, 965333]
  df7dcfebec7c435c.ots: BITCOIN blocks [965277, 965283, 965289, 965333]
  e1ecfe8eb8063aec.ots: BITCOIN blocks [965281, 965283, 965289, 965333]
  e22a436d2be59005.ots: BITCOIN blocks [965277, 965283, 965289, 965333]
  e231603e06640b79.ots: BITCOIN blocks [965276, 965276, 965289, 965333]
  e3142763cdf20503.ots: BITCOIN blocks [965276, 965276, 965289, 965333]
  e3d823ed30ab8bf0.ots: BITCOIN blocks [965281, 965283, 965289, 965333]
  e5012951a97984a2.ots: BITCOIN blocks [965281, 965283, 965289, 965333]
  e77cae5782ba1bb2.ots: BITCOIN blocks [965276, 965276, 965289, 965333]
  ee7b900213a024f2.ots: BITCOIN blocks [965276, 965276, 965289, 965333]
  f5cf98c9dec44573.ots: BITCOIN blocks [965276, 965276, 965289, 965333]
  f61a0a3beffd7f3f.ots: BITCOIN blocks [965276, 965276, 965289, 965333]
  fcbb6ccbb56f3502.ots: BITCOIN blocks [965281, 965283, 965289, 965333]
  fdab05b4314e7d8f.ots: BITCOIN blocks [965281, 965283, 965289, 965333]
  fe24adfc333796fe.ots: BITCOIN blocks [965276, 965276, 965289, 965333]
  ff3ba130a00da73f.ots: BITCOIN blocks [965276, 965276, 965289, 965333]
  01da0116046fd01a.ots: BITCOIN blocks [965297, 965297, 965297]
  034ec21dcde37bbc.ots: BITCOIN blocks [965297, 965297, 965297]
  0432e66b23d98aa4.ots: BITCOIN blocks [965431, 965431, 965435]
  049adf887c8c031a.ots: BITCOIN blocks [965568, 965568, 965570]
  04ad081dfbbdf185.ots: BITCOIN blocks [965435, 965435, 965435]
  055d8c397a226074.ots: BITCOIN blocks [965297, 965297, 965297]
  05a3f453e90d3358.ots: BITCOIN blocks [965570, 965570, 965570]
  05a952006a4691c8.ots: BITCOIN blocks [965435, 965435, 965435]
  05c8fa08d5ad78c1.ots: BITCOIN blocks [965431, 965431, 965435]
  05deda834c6e8468.ots: BITCOIN blocks [965297, 965297, 965297]
  06324e8c280a22cc.ots: BITCOIN blocks [965570, 965570, 965570]
  064b08d8e6f4e050.ots: BITCOIN blocks [965435, 965435, 965435]
  06c0102e5d307960.ots: BITCOIN blocks [965566, 965566, 965566]
  0719d96b0a71c5a6.ots: BITCOIN blocks [965435, 965435, 965435]
  07634b428b9a020c.ots: BITCOIN blocks [965311, 965311, 965312]
  07b7e9bba9a1e7a0.ots: BITCOIN blocks [965311, 965311, 965312]
  07f4b4a56ae56e0c.ots: BITCOIN blocks [965311, 965311, 965312]
  087372c9799776fb.ots: BITCOIN blocks [965568, 965568, 965570]
  08a8c2dabfce9ff6.ots: BITCOIN blocks [965435, 965435, 965435]
  0b5a2e8fd87260cd.ots: BITCOIN blocks [965282, 965282, 965283]
  0cb0e4caf5809efe.ots: BITCOIN blocks [965568, 965568, 965570]
  0d0e7959dfe8c94f.ots: BITCOIN blocks [965570, 965570, 965570]
  0d35653f599b3856.ots: BITCOIN blocks [965566, 965566, 965566]
  0d90eb27593f8d32.ots: BITCOIN blocks [965282, 965282, 965283]
  0e3ce5bb219b8199.ots: BITCOIN blocks [965297, 965297, 965297]
  0e6311eecd1c13ed.ots: BITCOIN blocks [965570, 965570, 965570]
  0ed24e3f2efd7e00.ots: BITCOIN blocks [965311, 965311, 965312]
  0fe7c67eebbd5028.ots: BITCOIN blocks [965435, 965435, 965435]
  1065d7bcc34db24a.ots: BITCOIN blocks [965297, 965297, 965297]
  1201f003b5ca18fb.ots: BITCOIN blocks [965568, 965568, 965570]
  1284cd2db791247b.ots: BITCOIN blocks [965299, 965299, 965301]
  1388201c5f6f9055.ots: BITCOIN blocks [965568, 965568, 965570]
  14d135777147d378.ots: BITCOIN blocks [965435, 965435, 965435]
  15e826cdc1c1e170.ots: BITCOIN blocks [965311, 965311, 965312]
  17158b28d5ee2065.ots: BITCOIN blocks [965435, 965435, 965435]
  17bbd817ed1b6924.ots: BITCOIN blocks [965568, 965568, 965570]
  18205f5ce0fbae50.ots: BITCOIN blocks [965297, 965297, 965297]
  1871421f77d51c76.ots: BITCOIN blocks [965566, 965566, 965566]
  18aba35525fe0745.ots: BITCOIN blocks [965568, 965568, 965570]
  1937bc5cc9da1098.ots: BITCOIN blocks [965568, 965568, 965570]
  19604a9d4a45af16.ots: BITCOIN blocks [965568, 965568, 965570]
  199285946d76f0c3.ots: BITCOIN blocks [965566, 965566, 965566]
  19b74506482d5410.ots: BITCOIN blocks [965282, 965282, 965283]
  1b1217b70b81da97.ots: BITCOIN blocks [965435, 965435, 965435]
  1ca34da8d0485349.ots: BITCOIN blocks [965311, 965311, 965312]
  1cb41a2c0c635f23.ots: BITCOIN blocks [965566, 965566, 965566]
  1d72c84d64732878.ots: BITCOIN blocks [965311, 965311, 965312]
  1e312e950db97195.ots: BITCOIN blocks [965297, 965297, 965297]
  1eb04c8702ac2f98.ots: BITCOIN blocks [965568, 965568, 965570]
  1ecd175e928aec64.ots: BITCOIN blocks [965299, 965299, 965301]
  1f315dd58d160495.ots: BITCOIN blocks [965568, 965568, 965570]
  1f5335f8e5ed4de3.ots: BITCOIN blocks [965566, 965566, 965566]
  1f608d4dfaaeb213.ots: BITCOIN blocks [965311, 965311, 965312]
  2042620c282d2033.ots: BITCOIN blocks [965566, 965566, 965566]
  21f6cdbfb9c7f0d4.ots: BITCOIN blocks [965311, 965311, 965312]
  22692f614d5ae2b3.ots: BITCOIN blocks [965568, 965568, 965570]
  22d83163c1d7e68b.ots: BITCOIN blocks [965297, 965297, 965297]
  2339ce09a29c0445.ots: BITCOIN blocks [965297, 965297, 965297]
  238be01fcd9617e4.ots: BITCOIN blocks [965568, 965568, 965570]
  23e7779b086c1883.ots: BITCOIN blocks [965566, 965566, 965566]
  241de93fded4ceaf.ots: BITCOIN blocks [965568, 965568, 965570]
  2479376f416c760b.ots: BITCOIN blocks [965435, 965435, 965435]
  24822cf09d6a7de4.ots: BITCOIN blocks [965435, 965435, 965435]
  2487ef0723132d9f.ots: BITCOIN blocks [965435, 965435, 965435]
  24e0b39a89d66f6e.ots: BITCOIN blocks [965570, 965570, 965570]
  24f5bbb221034cc1.ots: BITCOIN blocks [965568, 965568, 965570]
  25ec19a550d80310.ots: BITCOIN blocks [965435, 965435, 965435]
  26375cd2f9bf26b9.ots: BITCOIN blocks [965297, 965297, 965297]
  263fbd5f58c71922.ots: BITCOIN blocks [965282, 965282, 965283]
  269c88e4837d7407.ots: BITCOIN blocks [965568, 965568, 965570]
  26bb5fc874691f33.ots: BITCOIN blocks [965568, 965568, 965570]
  26e82ee35a9ce042.ots: BITCOIN blocks [965299, 965299, 965301]
  27c967923e2ad960.ots: BITCOIN blocks [965282, 965282, 965283]
  27f89fa82b393378.ots: BITCOIN blocks [965311, 965311, 965312]
  280c3971ea835f6e.ots: BITCOIN blocks [965297, 965297, 965297]
  282f1601cd70f7ae.ots: BITCOIN blocks [965568, 965568, 965570]
  288fefa5914eaeb2.ots: BITCOIN blocks [965282, 965282, 965283]
  2932c95813466296.ots: BITCOIN blocks [965311, 965311, 965312]
  297b30cffb28a8c1.ots: BITCOIN blocks [965568, 965568, 965570]
  2a3b96224e6edb19.ots: BITCOIN blocks [965299, 965299, 965301]
  2a89b8f86448e533.ots: BITCOIN blocks [965431, 965431, 965435]
  2a979645c0c72016.ots: BITCOIN blocks [965311, 965311, 965312]
  2b054c422e04abe1.ots: BITCOIN blocks [965311, 965311, 965312]
  2b5b547803ce0ce6.ots: BITCOIN blocks [965297, 965297, 965297]
  2c2669af33e871c3.ots: BITCOIN blocks [965311, 965311, 965312]
  2dbad4a2d8da0281.ots: BITCOIN blocks [965566, 965566, 965566]
  2dcc37ec325b0c5a.ots: BITCOIN blocks [965297, 965297, 965297]
  2e8e6f582313c3d2.ots: BITCOIN blocks [965431, 965431, 965435]
  2ef1d3a9c9208064.ots: BITCOIN blocks [965568, 965568, 965570]
  2f68b507ef27d293.ots: BITCOIN blocks [965297, 965297, 965297]
  300a4bf553097b81.ots: BITCOIN blocks [965311, 965311, 965312]
  304d9f34383dab5e.ots: BITCOIN blocks [965282, 965282, 965283]
  30746704bdd5c7b2.ots: BITCOIN blocks [965435, 965435, 965435]
  30e0c336a5a763c7.ots: BITCOIN blocks [965431, 965431, 965435]
  31912956bf199cdb.ots: BITCOIN blocks [965311, 965311, 965312]
  32777370e69c69b6.ots: BITCOIN blocks [965435, 965435, 965435]
  32f84f72f86616bf.ots: BITCOIN blocks [965431, 965431, 965435]
  333e33707bbb0988.ots: BITCOIN blocks [965435, 965435, 965435]
  337b400fb69bfac5.ots: BITCOIN blocks [965435, 965435, 965435]
  33f9692b4bab587c.ots: BITCOIN blocks [965435, 965435, 965435]
  348013bbf316ae5e.ots: BITCOIN blocks [965431, 965431, 965435]
  34973f425d5f3443.ots: BITCOIN blocks [965431, 965431, 965435]
  36b63c8c70c0e610.ots: BITCOIN blocks [965570, 965570, 965570]
  376edef4c728c1a1.ots: BITCOIN blocks [965431, 965431, 965435]
  379a516b87dbf854.ots: BITCOIN blocks [965431, 965431, 965435]
  383b54b30935c205.ots: BITCOIN blocks [965431, 965431, 965435]
  388a6c7a69669fa8.ots: BITCOIN blocks [965282, 965282, 965283]
  389da1912a38326b.ots: BITCOIN blocks [965431, 965431, 965435]
  3924aacf8265c625.ots: BITCOIN blocks [965299, 965299, 965301]
  3953f7c108346da9.ots: BITCOIN blocks [965435, 965435, 965435]
  39dd00cbb5543d8a.ots: BITCOIN blocks [965568, 965568, 965570]
  3a0296a6cb9f080c.ots: BITCOIN blocks [965568, 965568, 965570]
  3a987c8c376f9ad2.ots: BITCOIN blocks [965431, 965431, 965435]
  3abe24ff8599e52f.ots: BITCOIN blocks [965566, 965566, 965566]
  3ad5d04d818b3940.ots: BITCOIN blocks [965297, 965297, 965297]
  3b53f873e99733fe.ots: BITCOIN blocks [965297, 965297, 965297]
  3c1e772a7ec4bde7.ots: BITCOIN blocks [965431, 965431, 965435]
  3c6a5ded94b88cfc.ots: BITCOIN blocks [965431, 965431, 965435]
  3cac9ec352cd0eab.ots: BITCOIN blocks [965435, 965435, 965435]
  3cd41ffdc96f5019.ots: BITCOIN blocks [965566, 965566, 965566]
  3d3974724c1fed28.ots: BITCOIN blocks [965566, 965566, 965566]
  3d6b5b14c35c46b3.ots: BITCOIN blocks [965566, 965566, 965566]
  3e181f09b9e6f209.ots: BITCOIN blocks [965311, 965311, 965312]
  3f0a998e4ec9f5a4.ots: BITCOIN blocks [965297, 965297, 965297]
  3fad8443a33059d5.ots: BITCOIN blocks [965435, 965435, 965435]
  3fd8937f3c0def22.ots: BITCOIN blocks [965297, 965297, 965297]
  3fda16f64ca52dd6.ots: BITCOIN blocks [965282, 965282, 965283]
  40907e33c9eefeee.ots: BITCOIN blocks [965311, 965311, 965312]
  4119dbefe33723af.ots: BITCOIN blocks [965570, 965570, 965570]
  41233ba78352d824.ots: BITCOIN blocks [965570, 965570, 965570]
  412b27349b6b511a.ots: BITCOIN blocks [965435, 965435, 965435]
  4177bbd71a5aa476.ots: BITCOIN blocks [965431, 965431, 965435]
  42243415e722808b.ots: BITCOIN blocks [965566, 965566, 965566]
  42f911c172ca509d.ots: BITCOIN blocks [965297, 965297, 965297]
  44d8d0f61c4b46c3.ots: BITCOIN blocks [965282, 965282, 965283]
  44e1373b2dd1fc08.ots: BITCOIN blocks [965282, 965282, 965283]
  4563843639906033.ots: BITCOIN blocks [965568, 965568, 965570]
  4586933791372f1b.ots: BITCOIN blocks [965431, 965431, 965435]
  4689a18b7dc91ba5.ots: BITCOIN blocks [965566, 965566, 965566]
  468f760c9cea0183.ots: BITCOIN blocks [965299, 965299, 965301]
  472173c5c257ed6b.ots: BITCOIN blocks [965282, 965282, 965283]
  48f94a25160d3970.ots: BITCOIN blocks [965297, 965297, 965297]
  494e2afea036f166.ots: BITCOIN blocks [965431, 965431, 965435]
  4952614a739898d5.ots: BITCOIN blocks [965297, 965297, 965297]
  4984e92f4a348091.ots: BITCOIN blocks [965297, 965297, 965297]
  49eb3eb18f0d887e.ots: BITCOIN blocks [965570, 965570, 965570]
  4a2e27159f280524.ots: BITCOIN blocks [965297, 965297, 965297]
  4a3db1047a88289b.ots: BITCOIN blocks [965311, 965311, 965312]
  4c20fd311130dc82.ots: BITCOIN blocks [965435, 965435, 965435]
  4ddd1568a5f1b37a.ots: BITCOIN blocks [965282, 965282, 965283]
  4e9214bd74b8dd8f.ots: BITCOIN blocks [965570, 965570, 965570]
  4f017cc90a8f6a1d.ots: BITCOIN blocks [965282, 965282, 965283]
  4f89715e833652ff.ots: BITCOIN blocks [965435, 965435, 965435]
  5065de3ba3a7240b.ots: BITCOIN blocks [965568, 965568, 965570]
  513aa3154f125efa.ots: BITCOIN blocks [965311, 965311, 965312]
  5149424666f7f86c.ots: BITCOIN blocks [965311, 965311, 965312]
  51eb7f11711689f4.ots: BITCOIN blocks [965566, 965566, 965566]
  53820ad5333498c0.ots: BITCOIN blocks [965311, 965311, 965312]
  5455a792f106b02e.ots: BITCOIN blocks [965568, 965568, 965570]
  558154fcdc3f3b74.ots: BITCOIN blocks [965431, 965431, 965435]
  55bb6dca102f697e.ots: BITCOIN blocks [965297, 965297, 965297]
  55d4574f2c46a1e9.ots: BITCOIN blocks [965568, 965568, 965570]
  56414b7df8275658.ots: BITCOIN blocks [965568, 965568, 965570]
  56bf1228242aff1c.ots: BITCOIN blocks [965431, 965431, 965435]
  56cc504f83972fcb.ots: BITCOIN blocks [965297, 965297, 965297]
  5700d342743cef3a.ots: BITCOIN blocks [965431, 965431, 965435]
  575af37101d6daf0.ots: BITCOIN blocks [965566, 965566, 965566]
  578da1174f7bb30f.ots: BITCOIN blocks [965297, 965297, 965297]
  57e08116c9f7f6e4.ots: BITCOIN blocks [965311, 965311, 965312]
  584ade17681e55df.ots: BITCOIN blocks [965297, 965297, 965297]
  584b00c3807d1e84.ots: BITCOIN blocks [965568, 965568, 965570]
  589fb7cd677d2dda.ots: BITCOIN blocks [965570, 965570, 965570]
  58a186c142f5ddeb.ots: BITCOIN blocks [965568, 965568, 965570]
  595ac2d7e2699d63.ots: BITCOIN blocks [965570, 965570, 965570]
  5a29f7645a0d426e.ots: BITCOIN blocks [965311, 965311, 965312]
  5a2bb55a2e9bb122.ots: BITCOIN blocks [965297, 965297, 965297]
  5a55506a08242d66.ots: BITCOIN blocks [965570, 965570, 965570]
  5a5e5ef67f31c438.ots: BITCOIN blocks [965431, 965431, 965435]
  5ab2e4ec4d5e5dfd.ots: BITCOIN blocks [965435, 965435, 965435]
  5b9bb3d89feb8cf6.ots: BITCOIN blocks [965435, 965435, 965435]
  5c837a65eb42e5d8.ots: BITCOIN blocks [965568, 965568, 965570]
  5e7219312e1b34b5.ots: BITCOIN blocks [965568, 965568, 965570]
  5ed211babd92f21b.ots: BITCOIN blocks [965570, 965570, 965570]
  60280465d55ce3b1.ots: BITCOIN blocks [965568, 965568, 965570]
  62b2709e2736b754.ots: BITCOIN blocks [965311, 965311, 965312]
  633adaa007efb53e.ots: BITCOIN blocks [965566, 965566, 965566]
  63696c7d4781cbe7.ots: BITCOIN blocks [965311, 965311, 965312]
  63780a5e791b958d.ots: BITCOIN blocks [965297, 965297, 965297]
  637b55148a2225ed.ots: BITCOIN blocks [965570, 965570, 965570]
  64fe6ed12bbc9894.ots: BITCOIN blocks [965570, 965570, 965570]
  66971cf30f715bc9.ots: BITCOIN blocks [965282, 965282, 965283]
  66b63ca936c3c4e3.ots: BITCOIN blocks [965311, 965311, 965312]
  66c692abd8317b19.ots: BITCOIN blocks [965570, 965570, 965570]
  66dc9277635d1979.ots: BITCOIN blocks [965435, 965435, 965435]
  67082caa93f926d8.ots: BITCOIN blocks [965297, 965297, 965297]
  67697a78119f8bce.ots: BITCOIN blocks [965311, 965311, 965312]
  679fdf3a3b608102.ots: BITCOIN blocks [965566, 965566, 965566]
  67ad21ee705c53e5.ots: BITCOIN blocks [965282, 965282, 965283]
  67b85e43855696c8.ots: BITCOIN blocks [965299, 965299, 965301]
  6878f3f1ed8ba588.ots: BITCOIN blocks [965311, 965311, 965312]
  6887964d68afbefa.ots: BITCOIN blocks [965431, 965431, 965435]
  6990b67629227a83.ots: BITCOIN blocks [965435, 965435, 965435]
  69ca836390bd736d.ots: BITCOIN blocks [965566, 965566, 965566]
  6a0a19af8a3e162d.ots: BITCOIN blocks [965566, 965566, 965566]
  6a2071cfb0cc7dd0.ots: BITCOIN blocks [965431, 965431, 965435]
  6acc1568c9f209e1.ots: BITCOIN blocks [965568, 965568, 965570]
  6ae6670d8fdced16.ots: BITCOIN blocks [965431, 965431, 965435]
  6cc9957b96911208.ots: BITCOIN blocks [965297, 965297, 965297]
  6dba4969b27783e6.ots: BITCOIN blocks [965311, 965311, 965312]
  6e147b2d30ebd99f.ots: BITCOIN blocks [965566, 965566, 965566]
  6e38c6d935a3a85c.ots: BITCOIN blocks [965435, 965435, 965435]
  6e3f1ede7da09c3e.ots: BITCOIN blocks [965566, 965566, 965566]
  6eec177723bbe62f.ots: BITCOIN blocks [965566, 965566, 965566]
  6f3007b0ab60e6f0.ots: BITCOIN blocks [965282, 965282, 965283]
  6f59d5ec46354454.ots: BITCOIN blocks [965297, 965297, 965297]
  6f7990fcf707499a.ots: BITCOIN blocks [965568, 965568, 965570]
  6fcd7332731c60b4.ots: BITCOIN blocks [965570, 965570, 965570]
  7063e8bfcf760722.ots: BITCOIN blocks [965570, 965570, 965570]
  70a21b9920685bd6.ots: BITCOIN blocks [965568, 965568, 965570]
  71b24fc2613c4317.ots: BITCOIN blocks [965431, 965431, 965435]
  7224aaa229fc683c.ots: BITCOIN blocks [965431, 965431, 965435]
  733360bb51cb5f43.ots: BITCOIN blocks [965297, 965297, 965297]
  735aba4e8f9eeb0d.ots: BITCOIN blocks [965568, 965568, 965570]
  735deeb5513bec62.ots: BITCOIN blocks [965299, 965299, 965301]
  739fa2b3804571e1.ots: BITCOIN blocks [965435, 965435, 965435]
  73a8c2f4e71790d7.ots: BITCOIN blocks [965431, 965431, 965435]
  741ca9ded5d6450a.ots: BITCOIN blocks [965570, 965570, 965570]
  74233801b77316cb.ots: BITCOIN blocks [965297, 965297, 965297]
  74a26d16b71bcb1a.ots: BITCOIN blocks [965568, 965568, 965570]
  74f10c1471138f91.ots: BITCOIN blocks [965282, 965282, 965283]
  74f9b2d10655d889.ots: BITCOIN blocks [965566, 965566, 965566]
  7508eca98d598b62.ots: BITCOIN blocks [965297, 965297, 965297]
  753da81085976adc.ots: BITCOIN blocks [965297, 965297, 965297]
  75e0489052849d44.ots: BITCOIN blocks [965566, 965566, 965566]
  76253d0278adba7c.ots: BITCOIN blocks [965435, 965435, 965435]
  76453c841893514f.ots: BITCOIN blocks [965435, 965435, 965435]
  767b97e3cbd0432d.ots: BITCOIN blocks [965311, 965311, 965312]
  76c4ef185066b600.ots: BITCOIN blocks [965568, 965568, 965570]
  76f23b6531a8da9e.ots: BITCOIN blocks [965566, 965566, 965566]
  77c84a63a384275e.ots: BITCOIN blocks [965282, 965282, 965283]
  7847d84fbdc0e220.ots: BITCOIN blocks [965568, 965568, 965570]
  786c0f84b40fe5b5.ots: BITCOIN blocks [965431, 965431, 965435]
  78d72e24fc8b5e24.ots: BITCOIN blocks [965431, 965431, 965435]
  79558d0f3902ff46.ots: BITCOIN blocks [965568, 965568, 965570]
  798cf9817c3f08ba.ots: BITCOIN blocks [965431, 965431, 965435]
  7a69c42d0b210f18.ots: BITCOIN blocks [965297, 965297, 965297]
  7a9a8a2562fe0df4.ots: BITCOIN blocks [965297, 965297, 965297]
  7b013d5d95610fbc.ots: BITCOIN blocks [965311, 965311, 965312]
  7b6e97a9dbad707e.ots: BITCOIN blocks [965311, 965311, 965312]
  7be411a8c439f38a.ots: BITCOIN blocks [965431, 965431, 965435]
  7c80eca5d0efcb11.ots: BITCOIN blocks [965297, 965297, 965297]
  7c9ac5690654ff49.ots: BITCOIN blocks [965431, 965431, 965435]
  7cb27aa00cb3bb53.ots: BITCOIN blocks [965570, 965570, 965570]
  7d0484d47cd39ab6.ots: BITCOIN blocks [965431, 965431, 965435]
  7e214dbc0ff1de33.ots: BITCOIN blocks [965566, 965566, 965566]
  7e5a0b177e27a898.ots: BITCOIN blocks [965311, 965311, 965312]
  7e71e5559cba4af3.ots: BITCOIN blocks [965299, 965299, 965301]
  7f03e172874db290.ots: BITCOIN blocks [965431, 965431, 965435]
  7f12c896db4a2e47.ots: BITCOIN blocks [965297, 965297, 965297]
  801484f21aa5511a.ots: BITCOIN blocks [965282, 965282, 965283]
  8016368f24ce1ca7.ots: BITCOIN blocks [965299, 965299, 965301]
  8050b1469631744a.ots: BITCOIN blocks [965282, 965282, 965283]
  808a7a6bf61dc41c.ots: BITCOIN blocks [965568, 965568, 965570]
  81f4298144c28fb3.ots: BITCOIN blocks [965299, 965299, 965301]
  825162418fdca32b.ots: BITCOIN blocks [965311, 965311, 965312]
  82fa3565b2ae86bf.ots: BITCOIN blocks [965431, 965431, 965435]
  85054ce1190e25fc.ots: BITCOIN blocks [965299, 965299, 965301]
  8596ddea6df81583.ots: BITCOIN blocks [965297, 965297, 965297]
  862e3cd34286594b.ots: BITCOIN blocks [965568, 965568, 965570]
  863e0ba9491d2b41.ots: BITCOIN blocks [965570, 965570, 965570]
  8684a3e60ab6d672.ots: BITCOIN blocks [965568, 965568, 965570]
  8944802197d028cb.ots: BITCOIN blocks [965435, 965435, 965435]
  895c36a3cd1a2332.ots: BITCOIN blocks [965568, 965568, 965570]
  899297d8a584338a.ots: BITCOIN blocks [965568, 965568, 965570]
  8a641fbbe1c76c77.ots: BITCOIN blocks [965435, 965435, 965435]
  8b85d4f9ed83a4dd.ots: BITCOIN blocks [965568, 965568, 965570]
  8d55bf16592bc574.ots: BITCOIN blocks [965435, 965435, 965435]
  8d648a8e8dfea1ac.ots: BITCOIN blocks [965570, 965570, 965570]
  8dccfd120dd49bff.ots: BITCOIN blocks [965570, 965570, 965570]
  8e21cbb1868b6bcc.ots: BITCOIN blocks [965435, 965435, 965435]
  8ecf9c86f929cb99.ots: BITCOIN blocks [965435, 965435, 965435]
  8ed5acb7a4e127d7.ots: BITCOIN blocks [965568, 965568, 965570]
  8f605e57480b4882.ots: BITCOIN blocks [965311, 965311, 965312]
  8f79a637bc061a51.ots: BITCOIN blocks [965297, 965297, 965297]
  91b494489a426fdb.ots: BITCOIN blocks [965568, 965568, 965570]
  9227c188ff63da56.ots: BITCOIN blocks [965311, 965311, 965312]
  92cc8b56f24f915b.ots: BITCOIN blocks [965566, 965566, 965566]
  92d524fac66566f4.ots: BITCOIN blocks [965431, 965431, 965435]
  939d9bf45dfe965b.ots: BITCOIN blocks [965311, 965311, 965312]
  94030dba6b992f34.ots: BITCOIN blocks [965435, 965435, 965435]
  9505c76f5298d5a8.ots: BITCOIN blocks [965568, 965568, 965570]
  9525aa93b75a3a70.ots: BITCOIN blocks [965435, 965435, 965435]
  9592faffe43fca82.ots: BITCOIN blocks [965282, 965282, 965283]
  961b5ec6602b7d40.ots: BITCOIN blocks [965297, 965297, 965297]
  963852644afbc40d.ots: BITCOIN blocks [965282, 965282, 965283]
  96a3f85d3bb71b7f.ots: BITCOIN blocks [965435, 965435, 965435]
  971d33e8dd5f4d8f.ots: BITCOIN blocks [965297, 965297, 965297]
  9734f57f67b0f5ca.ots: BITCOIN blocks [965311, 965311, 965312]
  9829b07a14af7d49.ots: BITCOIN blocks [965282, 965282, 965283]
  9833b02eebaf7afb.ots: BITCOIN blocks [965431, 965431, 965435]
  98430619daa7710b.ots: BITCOIN blocks [965311, 965311, 965312]
  98535c8b9ab0c23e.ots: BITCOIN blocks [965311, 965311, 965312]
  9a25207a98e56970.ots: BITCOIN blocks [965435, 965435, 965435]
  9ad545215887efba.ots: BITCOIN blocks [965311, 965311, 965312]
  9ae0c784a7e133be.ots: BITCOIN blocks [965311, 965311, 965312]
  9b231b6d6e8c6cac.ots: BITCOIN blocks [965431, 965431, 965435]
  9b8718cac72bf1b3.ots: BITCOIN blocks [965566, 965566, 965566]
  9cacbb60f1eca735.ots: BITCOIN blocks [965566, 965566, 965566]
  9cd1fa0ce059a3f9.ots: BITCOIN blocks [965282, 965282, 965283]
  9d92d19968de7c5d.ots: BITCOIN blocks [965282, 965282, 965283]
  9da16dcf9f17fb22.ots: BITCOIN blocks [965297, 965297, 965297]
  9dd7a3ac44574af6.ots: BITCOIN blocks [965282, 965282, 965283]
  9e3272bdc36abff1.ots: BITCOIN blocks [965570, 965570, 965570]
  9e51dcb9860ae8f2.ots: BITCOIN blocks [965568, 965568, 965570]
  9e9b657c85099369.ots: BITCOIN blocks [965568, 965568, 965570]
  9e9b65d99420ac80.ots: BITCOIN blocks [965311, 965311, 965312]
  9eb3136590ce9382.ots: BITCOIN blocks [965435, 965435, 965435]
  9eb87dabc64aecd8.ots: BITCOIN blocks [965299, 965299, 965301]
  9edbabcbe98f3782.ots: BITCOIN blocks [965435, 965435, 965435]
  9fbe93b0f8ff8253.ots: BITCOIN blocks [965570, 965570, 965570]
  a1ac68577f089c9e.ots: BITCOIN blocks [965311, 965311, 965312]
  a1db06ffa23945b5.ots: BITCOIN blocks [965311, 965311, 965312]
  a3a6f3be079a2608.ots: BITCOIN blocks [965568, 965568, 965570]
  a434cfd9d8dfabbd.ots: BITCOIN blocks [965570, 965570, 965570]
  a43808209abb24cd.ots: BITCOIN blocks [965570, 965570, 965570]
  a47ae43415a2be76.ots: BITCOIN blocks [965568, 965568, 965570]
  a4a4a74875910ddd.ots: BITCOIN blocks [965297, 965297, 965297]
  a4e2f102eb3fc0ef.ots: BITCOIN blocks [965568, 965568, 965570]
  a50bcf458f7a1ab6.ots: BITCOIN blocks [965431, 965431, 965435]
  a56ebd78f30d2559.ots: BITCOIN blocks [965431, 965431, 965435]
  a5a0559c27fc431f.ots: BITCOIN blocks [965299, 965299, 965301]
  a619af213a43b39e.ots: BITCOIN blocks [965311, 965311, 965312]
  a7579ba70615e222.ots: BITCOIN blocks [965566, 965566, 965566]
  a7a256b30c4b8f3c.ots: BITCOIN blocks [965311, 965311, 965312]
  a7c36e26a415609f.ots: BITCOIN blocks [965282, 965282, 965283]
  a7c6a7a1eac43ad6.ots: BITCOIN blocks [965297, 965297, 965297]
  a7c99ba43a4d6ad6.ots: BITCOIN blocks [965311, 965311, 965312]
  a7fc89af098e92fc.ots: BITCOIN blocks [965566, 965566, 965566]
  aa02cdcd9a469238.ots: BITCOIN blocks [965431, 965431, 965435]
  aa22223e4b6aec3d.ots: BITCOIN blocks [965570, 965570, 965570]
  aa73f73b2e1e2239.ots: BITCOIN blocks [965568, 965568, 965570]
  ab44f0a1936ae017.ots: BITCOIN blocks [965435, 965435, 965435]
  abf1cb5e70f8d7f7.ots: BITCOIN blocks [965311, 965311, 965312]
  ac5c23155408aa20.ots: BITCOIN blocks [965297, 965297, 965297]
  ac74a49e8242b9a3.ots: BITCOIN blocks [965282, 965282, 965283]
  af38cbe004d60899.ots: BITCOIN blocks [965297, 965297, 965297]
  af94f1f93db664b8.ots: BITCOIN blocks [965435, 965435, 965435]
  b17778c501cf0b14.ots: BITCOIN blocks [965282, 965282, 965283]
  b1a67dce4064dd58.ots: BITCOIN blocks [965435, 965435, 965435]
  b2105fe251e8ad89.ots: BITCOIN blocks [965568, 965568, 965570]
  b23132670b82f375.ots: BITCOIN blocks [965435, 965435, 965435]
  b248b65b53fe6976.ots: BITCOIN blocks [965570, 965570, 965570]
  b36d9fa4a37fc391.ots: BITCOIN blocks [965570, 965570, 965570]
  b5cdec4eda2eae4c.ots: BITCOIN blocks [965431, 965431, 965435]
  b69425222829f810.ots: BITCOIN blocks [965297, 965297, 965297]
  b6b5e78989edadc5.ots: BITCOIN blocks [965566, 965566, 965566]
  b703d5dd2daaab8f.ots: BITCOIN blocks [965570, 965570, 965570]
  b77f26ffd21707ac.ots: BITCOIN blocks [965431, 965431, 965435]
  b7cf132dd58bb6e5.ots: BITCOIN blocks [965282, 965282, 965283]
  b7db8ff35897c02c.ots: BITCOIN blocks [965566, 965566, 965566]
  b8183e76f123e3b4.ots: BITCOIN blocks [965311, 965311, 965312]
  b8990fd091685bf7.ots: BITCOIN blocks [965297, 965297, 965297]
  b95c65e9fd252ebf.ots: BITCOIN blocks [965570, 965570, 965570]
  b974d112278e86c8.ots: BITCOIN blocks [965282, 965282, 965283]
  ba5f503eb47bce72.ots: BITCOIN blocks [965311, 965311, 965312]
  bb0e5f0927bdc867.ots: BITCOIN blocks [965311, 965311, 965312]
  bb1d5b60678391e2.ots: BITCOIN blocks [965570, 965570, 965570]
  bb4d52ee82f4c240.ots: BITCOIN blocks [965566, 965566, 965566]
  bcf2241a0c6ef2bc.ots: BITCOIN blocks [965568, 965568, 965570]
  be368f91c71860f6.ots: BITCOIN blocks [965431, 965431, 965435]
  be7fbe58a0d9dcd5.ots: BITCOIN blocks [965570, 965570, 965570]
  bf1ac0193414f7b5.ots: BITCOIN blocks [965431, 965431, 965435]
  bff9bf42dc9e162f.ots: BITCOIN blocks [965435, 965435, 965435]
  c1b711d7ece397ac.ots: BITCOIN blocks [965566, 965566, 965566]
  c1e8bee66e3e7502.ots: BITCOIN blocks [965568, 965568, 965570]
  c205787cdb09af86.ots: BITCOIN blocks [965566, 965566, 965566]
  c28502a3a6e1dda7.ots: BITCOIN blocks [965311, 965311, 965312]
  c3d901d4e17145b9.ots: BITCOIN blocks [965282, 965282, 965283]
  c3dc7da3d56c09ed.ots: BITCOIN blocks [965568, 965568, 965570]
  c51e22bd9458037c.ots: BITCOIN blocks [965297, 965297, 965297]
  c577ae40cf80e558.ots: BITCOIN blocks [965435, 965435, 965435]
  c5dbc1a07a5ac047.ots: BITCOIN blocks [965431, 965431, 965435]
  c6915a18571f92d9.ots: BITCOIN blocks [965431, 965431, 965435]
  c6bbbce8fc6662eb.ots: BITCOIN blocks [965282, 965282, 965283]
  c6e9876d6ead86d0.ots: BITCOIN blocks [965568, 965568, 965570]
  c714d93964ded2a2.ots: BITCOIN blocks [965297, 965297, 965297]
  c72374031bc6435b.ots: BITCOIN blocks [965568, 965568, 965570]
  c7566b5fd1d7926c.ots: BITCOIN blocks [965299, 965299, 965301]
  c92e70f6ebac8eeb.ots: BITCOIN blocks [965435, 965435, 965435]
  c96dae6da356ce36.ots: BITCOIN blocks [965435, 965435, 965435]
  c9d82ef5a791d20a.ots: BITCOIN blocks [965311, 965311, 965312]
  cac13ea12b90cc5e.ots: BITCOIN blocks [965431, 965431, 965435]
  cbdb4f8c706cc6dc.ots: BITCOIN blocks [965311, 965311, 965312]
  cda6ca86070a25af.ots: BITCOIN blocks [965570, 965570, 965570]
  cdfd6229085b9eb9.ots: BITCOIN blocks [965566, 965566, 965566]
  ce9d21bca849f815.ots: BITCOIN blocks [965297, 965297, 965297]
  cef6f11dc34d66ac.ots: BITCOIN blocks [965435, 965435, 965435]
  cf06e2ddbdb06b98.ots: BITCOIN blocks [965297, 965297, 965297]
  cf9086230746ebb6.ots: BITCOIN blocks [965297, 965297, 965297]
  d01cc9028db0f91f.ots: BITCOIN blocks [965568, 965568, 965570]
  d069f7f2eff7408f.ots: BITCOIN blocks [965431, 965431, 965435]
  d0ae05ff1b0dccda.ots: BITCOIN blocks [965282, 965282, 965283]
  d0c9c983bd569861.ots: BITCOIN blocks [965435, 965435, 965435]
  d0daa218cbf52b6f.ots: BITCOIN blocks [965297, 965297, 965297]
  d1182c0cb8d6bacc.ots: BITCOIN blocks [965570, 965570, 965570]
  d1333dc2370ad53e.ots: BITCOIN blocks [965568, 965568, 965570]
  d142c85f2375c2fd.ots: BITCOIN blocks [965568, 965568, 965570]
  d1c60a51cb5c560a.ots: BITCOIN blocks [965311, 965311, 965312]
  d1fe47fe86fda075.ots: BITCOIN blocks [965282, 965282, 965283]
  d20553bf8f94dad3.ots: BITCOIN blocks [965297, 965297, 965297]
  d2783db0fd467b02.ots: BITCOIN blocks [965568, 965568, 965570]
  d44606a6cff5e773.ots: BITCOIN blocks [965311, 965311, 965312]
  d4b3b24367828ac8.ots: BITCOIN blocks [965568, 965568, 965570]
  d72f44d98ac75c6c.ots: BITCOIN blocks [965431, 965431, 965435]
  d77150488478a530.ots: BITCOIN blocks [965435, 965435, 965435]
  d7ae8c635cc8d087.ots: BITCOIN blocks [965431, 965431, 965435]
  d7c4e0bcc73809c3.ots: BITCOIN blocks [965435, 965435, 965435]
  d7ed5f16eba24eb5.ots: BITCOIN blocks [965297, 965297, 965297]
  d92f82fdc333d607.ots: BITCOIN blocks [965297, 965297, 965297]
  d992155a252f5e56.ots: BITCOIN blocks [965299, 965299, 965301]
  d9d32166c58b6a3e.ots: BITCOIN blocks [965568, 965568, 965570]
  d9f2685a261a3506.ots: BITCOIN blocks [965566, 965566, 965566]
  da53181e1a376017.ots: BITCOIN blocks [965568, 965568, 965570]
  db15cf338452b3a6.ots: BITCOIN blocks [965297, 965297, 965301]
  db72477da2930775.ots: BITCOIN blocks [965435, 965435, 965435]
  dbe68fcaab16b9de.ots: BITCOIN blocks [965431, 965431, 965435]
  dc97ff8e5237ff32.ots: BITCOIN blocks [965568, 965568, 965570]
  dd07a89c0ebc7f0b.ots: BITCOIN blocks [965311, 965311, 965312]
  dd245508e2fcc811.ots: BITCOIN blocks [965311, 965311, 965312]
  de0db2b095ea9766.ots: BITCOIN blocks [965311, 965311, 965312]
  de46fae85c4d8b97.ots: BITCOIN blocks [965568, 965568, 965570]
  deae2263314e30ee.ots: BITCOIN blocks [965568, 965568, 965570]
  debe85a7e81b905d.ots: BITCOIN blocks [965297, 965297, 965297]
  dec5c9f25bd48551.ots: BITCOIN blocks [965282, 965282, 965283]
  e10f13468de7e934.ots: BITCOIN blocks [965311, 965311, 965312]
  e2f562ebce1a665f.ots: BITCOIN blocks [965568, 965568, 965570]
  e308cb68fd3cf75a.ots: BITCOIN blocks [965568, 965568, 965570]
  e32bfe114d19387f.ots: BITCOIN blocks [965311, 965311, 965312]
  e368d41d69f2a842.ots: BITCOIN blocks [965282, 965282, 965283]
  e3f38ecaf8c37728.ots: BITCOIN blocks [965435, 965435, 965435]
  e435ffde3d67c829.ots: BITCOIN blocks [965566, 965566, 965566]
  e461586ea7d704ad.ots: BITCOIN blocks [965570, 965570, 965570]
  e4dfa3a2181c7a75.ots: BITCOIN blocks [965568, 965568, 965570]
  e58de210419bfc9c.ots: BITCOIN blocks [965299, 965299, 965301]
  e590fb5beed5101c.ots: BITCOIN blocks [965568, 965568, 965570]
  e5b61f3bfffae463.ots: BITCOIN blocks [965311, 965311, 965312]
  e5d2768ba0125584.ots: BITCOIN blocks [965431, 965431, 965435]
  e5daf10db70deb11.ots: BITCOIN blocks [965311, 965311, 965312]
  e5ed9c8bc0d671e3.ots: BITCOIN blocks [965568, 965568, 965570]
  e64478e53c997c3b.ots: BITCOIN blocks [965568, 965568, 965570]
  e6625eee748aba53.ots: BITCOIN blocks [965568, 965568, 965570]
  e6c997546ef601a7.ots: BITCOIN blocks [965299, 965299, 965301]
  e6dcb7126848abf7.ots: BITCOIN blocks [965435, 965435, 965435]
  e736615bf72b4a34.ots: BITCOIN blocks [965297, 965297, 965297]
  e745329054a08b19.ots: BITCOIN blocks [965311, 965311, 965312]
  e78be8c821320dba.ots: BITCOIN blocks [965568, 965568, 965570]
  e8486ff25a9643db.ots: BITCOIN blocks [965311, 965311, 965312]
  e9a06c439f8fea5b.ots: BITCOIN blocks [965435, 965435, 965435]
  ea40dc830cda1d72.ots: BITCOIN blocks [965311, 965311, 965312]
  ea515a4542922ae7.ots: BITCOIN blocks [965568, 965568, 965570]
  ea8fde1f7f74801d.ots: BITCOIN blocks [965570, 965570, 965570]
  eae8d856980b3db8.ots: BITCOIN blocks [965431, 965431, 965435]
  eb578ba5437096a8.ots: BITCOIN blocks [965566, 965566, 965566]
  eb79b32f515c09cb.ots: BITCOIN blocks [965435, 965435, 965435]
  ec0536e62e0321d3.ots: BITCOIN blocks [965431, 965431, 965435]
  ec33c45f48a453c9.ots: BITCOIN blocks [965297, 965297, 965297]
  ec85c18687d10ec0.ots: BITCOIN blocks [965311, 965311, 965312]
  ed0307565e074d81.ots: BITCOIN blocks [965311, 965311, 965312]
  ed6e32f8c8d8421d.ots: BITCOIN blocks [965299, 965299, 965301]
  edead52a82db8eb4.ots: BITCOIN blocks [965311, 965311, 965312]
  ee0189b00688e15d.ots: BITCOIN blocks [965435, 965435, 965435]
  ee26e872036b26cc.ots: BITCOIN blocks [965282, 965282, 965283]
  eefa73558fa65898.ots: BITCOIN blocks [965570, 965570, 965570]
  f00b06049cad1348.ots: BITCOIN blocks [965566, 965566, 965566]
  f1030ea32dda6de6.ots: BITCOIN blocks [965570, 965570, 965570]
  f12ba1d18982d8ef.ots: BITCOIN blocks [965568, 965568, 965570]
  f196a3ebe2954e69.ots: BITCOIN blocks [965570, 965570, 965570]
  f1b29217b75b5d5b.ots: BITCOIN blocks [965568, 965568, 965570]
  f1c240a4ef4f56d2.ots: BITCOIN blocks [965282, 965282, 965283]
  f2a1abd8a44c2309.ots: BITCOIN blocks [965435, 965435, 965435]
  f2c71a30b387d783.ots: BITCOIN blocks [965570, 965570, 965570]
  f2d277f97b1bda23.ots: BITCOIN blocks [965431, 965431, 965435]
  f2d32fbef77b3cff.ots: BITCOIN blocks [965435, 965435, 965435]
  f3324f4bd308a0ad.ots: BITCOIN blocks [965570, 965570, 965570]
  f37185de80f102b4.ots: BITCOIN blocks [965431, 965431, 965435]
  f37b5f45432702f5.ots: BITCOIN blocks [965299, 965299, 965301]
  f3dc2fa23de44076.ots: BITCOIN blocks [965431, 965431, 965435]
  f3e92e0f16ad4d64.ots: BITCOIN blocks [965297, 965297, 965297]
  f46cafbee633dc13.ots: BITCOIN blocks [965297, 965297, 965297]
  f483ba17153fb1cb.ots: BITCOIN blocks [965568, 965568, 965570]
  f55384a5ae5fd6c6.ots: BITCOIN blocks [965311, 965311, 965312]
  f5a1e87b35d8c24c.ots: BITCOIN blocks [965311, 965311, 965312]
  f5bfe81c5893bd4c.ots: BITCOIN blocks [965435, 965435, 965435]
  f6d19eae25680124.ots: BITCOIN blocks [965435, 965435, 965435]
  f806a79afd0d0086.ots: BITCOIN blocks [965566, 965566, 965566]
  f817e12c906cf2cd.ots: BITCOIN blocks [965311, 965311, 965312]
  f824d4c258439291.ots: BITCOIN blocks [965299, 965299, 965301]
  f82534cda32be666.ots: BITCOIN blocks [965299, 965299, 965301]
  f8be6332b85685bd.ots: BITCOIN blocks [965282, 965282, 965283]
  f908e332b140afef.ots: BITCOIN blocks [965568, 965568, 965570]
  f92c33b4252f09fd.ots: BITCOIN blocks [965311, 965311, 965312]
  f956bcc5e07ad8fa.ots: BITCOIN blocks [965282, 965282, 965283]
  f9a12636229c8cb3.ots: BITCOIN blocks [965282, 965282, 965283]
  f9b2385a68cb4a4b.ots: BITCOIN blocks [965570, 965570, 965570]
  fa02e40448974cb6.ots: BITCOIN blocks [965282, 965282, 965283]
  fa16644dcb6ee638.ots: BITCOIN blocks [965568, 965568, 965570]
  fa1e2d25c69f5775.ots: BITCOIN blocks [965282, 965282, 965283]
  fa8ae11e7d44d8e3.ots: BITCOIN blocks [965568, 965568, 965570]
  faac1b7b7aed71aa.ots: BITCOIN blocks [965431, 965431, 965435]
  fabf96f57acc3414.ots: BITCOIN blocks [965566, 965566, 965566]
  fada95df48f528f2.ots: BITCOIN blocks [965435, 965435, 965435]
  fb320401d7a633d0.ots: BITCOIN blocks [965297, 965297, 965297]
  fcbc6a086c46c97b.ots: BITCOIN blocks [965568, 965568, 965570]
  fd5e384e34524fc8.ots: BITCOIN blocks [965568, 965568, 965570]
  fe2f460fd18c89b2.ots: BITCOIN blocks [965568, 965568, 965570]
  ff21c62ed3d47f5d.ots: BITCOIN blocks [965568, 965568, 965570]
  ff7a6389c5ce6df1.ots: BITCOIN blocks [965431, 965431, 965435]
  05717c8e87f117aa-a.ots: NOT A TIMESTAMP (BadMagicError) — skipped, never a proof
  05717c8e87f117aa-alice-live.ots: NOT A TIMESTAMP (BadMagicError) — skipped, never a proof
  05717c8e87f117aa-alice.ots: NOT A TIMESTAMP (BadMagicError) — skipped, never a proof
  05717c8e87f117aa-b-live.ots: NOT A TIMESTAMP (BadMagicError) — skipped, never a proof
  05717c8e87f117aa-b.ots: NOT A TIMESTAMP (BadMagicError) — skipped, never a proof
  05717c8e87f117aa-bob.ots: NOT A TIMESTAMP (BadMagicError) — skipped, never a proof
  05717c8e87f117aa-live.ots: NOT A TIMESTAMP (BadMagicError) — skipped, never a proof
  agent-card.txt.ots: NOT A TIMESTAMP (BadMagicError) — skipped, never a proof
  corrections.txt.ots: NOT A TIMESTAMP (BadMagicError) — skipped, never a proof
  gspc-board.txt.ots: NOT A TIMESTAMP (BadMagicError) — skipped, never a proof
  gspc.txt.ots: NOT A TIMESTAMP (BadMagicError) — skipped, never a proof
  hf-badge.txt.ots: NOT A TIMESTAMP (BadMagicError) — skipped, never a proof
  hf-spaces.txt.ots: NOT A TIMESTAMP (BadMagicError) — skipped, never a proof
  pqc.txt.ots: NOT A TIMESTAMP (BadMagicError) — skipped, never a proof
  root.txt.ots: NOT A TIMESTAMP (BadMagicError) — skipped, never a proof
  state.txt.ots: NOT A TIMESTAMP (BadMagicError) — skipped, never a proof
  swift.txt.ots: NOT A TIMESTAMP (BadMagicError) — skipped, never a proof
  x402-discovery.txt.ots: NOT A TIMESTAMP (BadMagicError) — skipped, never a proof
  xrpl.txt.ots: NOT A TIMESTAMP (BadMagicError) — skipped, never a proof
  agent-card.txt.ots: BITCOIN blocks [965289, 965289, 965289]
  corrections.txt.ots: BITCOIN blocks [965289, 965289, 965289]
  gspc-board.txt.ots: BITCOIN blocks [965289, 965289, 965289]
  gspc.txt.ots: BITCOIN blocks [965289, 965289, 965289]
  hf-badge.txt.ots: BITCOIN blocks [965289, 965289, 965289]
  hf-spaces.txt.ots: BITCOIN blocks [965289, 965289, 965289]
  pqc.txt.ots: BITCOIN blocks [965289, 965289, 965289]
  root.txt.ots: BITCOIN blocks [965289, 965289, 965289]
  state.txt.ots: BITCOIN blocks [965289, 965289, 965289]
  swift.txt.ots: BITCOIN blocks [965289, 965289, 965289]
  x402-discovery.txt.ots: BITCOIN blocks [965289, 965289, 965289]
  xrpl.txt.ots: BITCOIN blocks [965289, 965289, 965289]

  19 file(s) are not timestamps at all. They are not stamps and never
  proofs; re-stamp them from source with scripts/badger/ots_stamp.py.
  ANCHORED (Bitcoin block) : 1793
  pending (not a proof)    : 0
  unreadable (not a stamp) : 19
  Only the first number may be described as anchored.
  ATOM ROOT: none built
=== ots-anchor done 2026-09-11T06:48:03Z ===
